,atypical,boring,calm,cold,common,confident,egotistic,emotUnstable,forgettable,intelligent,introverted,kind,responsible,trustworthy,unattractive,unemotional,unfamiliar,unfriendly,unhappy,weird,aggressive,attractive,caring,emotStable,emotional,familiar,friendly,happy,humble,interesting,irresponsible,mean,memorable,normal,sociable,typical,uncertain,uncommon,unintelligent,untrustworthy
0,1.0,0.3638055506434139,-0.630268727688962,0.6763340806059606,-0.5877844800504409,-0.5082740005815031,0.5800378696350341,0.7146272289694636,0.2349309901754052,-0.5735912166151215,0.5889843381110308,-0.6773097410271514,-0.6476425517137776,-0.7048220619791434,0.36814865529952345,0.6401215309427504,0.6440834093045819,0.7028202695143113,0.6778104542605872,0.6309154261889258,0.6518261060315667,-0.34010633096278264,-0.6949517085230248,-0.6613035111049536,-0.4819625590891044,-0.6140630436577591,-0.6724163903092126,-0.6507207569602972,-0.6456900353322342,-0.4158848763345007,0.6365932972953103,0.6777914540065568,-0.21942066900433604,-0.7193927217415487,-0.634760584877315,-0.6370991119423479,0.5816443617087189,0.662123166502835,0.5475904378156837,0.6634303964824902
1,0.3638055506434139,1.0,-0.3859180219489112,0.6488502025464363,0.018635911517367494,-0.7156900722142268,0.29452622294480363,0.5611730776708148,0.8395451654200226,-0.4338085188847321,0.7260067413137952,-0.6171954678889745,-0.40917219185108716,-0.5305853243194338,0.7616063310163642,0.6946808826237645,0.6084411597284435,0.6489433574844002,0.6794765871058088,0.6717332820045543,0.4813671470982275,-0.7699628963584042,-0.5835729137254467,-0.5059695904757514,-0.6268405922601433,-0.556906858127013,-0.6245273512390732,-0.658865580149365,-0.28384550491474425,-0.8168173899594499,0.3283211033063179,0.5707375416603537,-0.782835938511771,-0.5427879324460496,-0.7290868453578063,-0.2337675575474729,0.6348444679681503,0.3285291159575736,0.48021781647424117,0.4801886669745941
2,-0.630268727688962,-0.3859180219489112,1.0,-0.6808615662008635,0.4445450119980782,0.5300383322227358,-0.6178494233451367,-0.7601774875783146,-0.3672939698228144,0.7346773751284238,-0.5313379301750834,0.74043747387786,0.7276482121172866,0.8015037522828211,-0.43257088134012833,-0.5820361703664425,-0.6082514831427951,-0.7024445665886334,-0.6754347694812068,-0.6405566871044105,-0.7303005252352932,0.4142722603319276,0.7315635314288066,0.7454337213360611,0.47464468062632514,0.6201780567933745,0.6695513013601168,0.6377108439916188,0.6984158753365795,0.5341074619450619,-0.7361341379221843,-0.7091262775658734,0.37554746093558483,0.7045313584273646,0.6370383671668608,0.4957012318746216,-0.5773275533327452,-0.536566636883639,-0.6731727647364858,-0.7405188531457829
3,0.6763340806059606,0.6488502025464363,-0.6808615662008635,1.0,-0.5389712534874692,-0.718491507354171,0.7106884174808641,0.8483213851008145,0.46588681375538643,-0.6346280351937438,0.8560130643429308,-0.9314995744371749,-0.7569240805886358,-0.8981139669819187,0.526584524516014,0.9274371457620812,0.8089290707579326,0.9562600879616766,0.9453064253271017,0.7468624598435027,0.8600018674522631,-0.498677414430518,-0.9127200196151474,-0.7849178957285526,-0.7633802755961786,-0.7594447526774853,-0.9294431019627417,-0.93862063321898,-0.7584374523291317,-0.6859429938708201,0.711276665167037,0.919370181084153,-0.48478361960159483,-0.8047546197285295,-0.9140441858414478,-0.6995313178393125,0.8161841091819139,0.7165026503774832,0.6724572228274064,0.8353863769582887
4,-0.5877844800504409,0.018635911517367494,0.4445450119980782,-0.5389712534874692,1.0,0.25207352816336626,-0.5458289040709735,-0.5113258325243556,0.20079351026247244,0.34849575967822327,-0.4353910309656386,0.531633122301062,0.5929496691363789,0.5755517702347247,0.02560710260014832,-0.48987380004705533,-0.5226596308446549,-0.5220156493776686,-0.4839642120185536,-0.4111376213951134,-0.5452250596778322,-0.06732421484266043,0.5520468496679093,0.4828920444613579,0.35312222385983427,0.5115946200907411,0.5261594104367965,0.5117044188091875,0.6179556733997229,0.0785632876147251,-0.5169823524845772,-0.5567447615470239,-0.1584112295004215,0.52317401742934,0.44830446358910575,0.7895923109654558,-0.43813842795874347,-0.7162780698529934,-0.36203832832021027,-0.5294404666416845
5,-0.5082740005815031,-0.7156900722142268,0.5300383322227358,-0.718491507354171,0.25207352816336626,1.0,-0.29229878613772187,-0.7594541573622984,-0.6967566433532585,0.6897595478056973,-0.8686250681669414,0.6782162030612124,0.7163911191877217,0.674089069038321,-0.685838685032482,-0.7143473209911958,-0.7927842107583146,-0.7307082811128675,-0.8054312837310601,-0.790762539524681,-0.5720686467021793,0.6018389973149016,0.6648911243136935,0.7218845613551411,0.5364755872555337,0.7284519147139021,0.7343048949119514,0.7710046217601647,0.4044530538495128,0.8170510938654209,-0.5913513850920629,-0.6948936138035313,0.6894843996584138,0.6854443256679574,0.8115583203515565,0.5271871945793722,-0.8739056362703621,-0.5903314517682754,-0.713423897035979,-0.6023296595356301
6,0.5800378696350341,0.29452622294480363,-0.6178494233451367,0.7106884174808641,-0.5458289040709735,-0.29229878613772187,1.0,0.5838028468272278,0.15962558807801114,-0.40903106576473613,0.5051788724837349,-0.7749541864035187,-0.6015074244075881,-0.7606647016006588,0.22278057274715815,0.6864198420886332,0.5537801648930476,0.7138213094346834,0.6141379272745334,0.49460298124735536,0.7912065690204159,-0.19674917765212732,-0.7492450521824826,-0.5365086861646609,-0.6577957500889052,-0.5310903006378904,-0.6761527727944421,-0.6325147461439251,-0.8267920935563801,-0.36691396139335913,0.619079241326878,0.7032547246502073,-0.19870818187083789,-0.5572601739958449,-0.5679782383920894,-0.5267379174369541,0.49290932755947675,0.5359455213589333,0.46307285615203153,0.7512192356182957
7,0.7146272289694636,0.5611730776708148,-0.7601774875783146,0.8483213851008145,-0.5113258325243556,-0.7594541573622984,0.5838028468272278,1.0,0.4613827500117299,-0.7657087136948802,0.7701877012557897,-0.8259854763446848,-0.8192242290828601,-0.8697223733024527,0.5092461101062677,0.7756346279079374,0.7601193247655542,0.854169442490552,0.869496237795655,0.7670302231674888,0.7745857482480204,-0.4639434408484193,-0.825857213188079,-0.852942420797886,-0.5624841778038525,-0.7236529557755619,-0.8274195305920767,-0.8263961870235289,-0.6891840558860953,-0.6729238157527115,0.7656322550027028,0.8483612844063667,-0.4635766458615912,-0.8166043317087455,-0.8322808584977619,-0.6620502352651394,0.7807569695847514,0.6870344608459071,0.7510589898356264,0.7907402507007444
8,0.2349309901754052,0.8395451654200226,-0.3672939698228144,0.46588681375538643,0.20079351026247244,-0.6967566433532585,0.15962558807801114,0.4613827500117299,1.0,-0.444969781145829,0.5989775117275359,-0.46757040750029344,-0.358877981384435,-0.4225161614568962,0.8105870525042221,0.5042507891630097,0.5059944244250736,0.48624757125828655,0.5209573148002006,0.6049383159392915,0.3824982597593547,-0.7784143703191013,-0.449640998231754,-0.42026266725425426,-0.5156160800611073,-0.4622069777050409,-0.47227997895601026,-0.496582362097114,-0.16201775031169746,-0.8535639393007776,0.29529330922435776,0.4370129802109089,-0.8891916024061203,-0.4240190780902158,-0.5867329034506417,-0.04472550849506592,0.5513854575339756,0.14998527153799854,0.49039037677911174,0.3853078426493823
9,-0.5735912166151215,-0.4338085188847321,0.7346773751284238,-0.6346280351937438,0.34849575967822327,0.6897595478056973,-0.40903106576473613,-0.7657087136948802,-0.444969781145829,1.0,-0.5708018462625316,0.6559313475110092,0.7739594855421071,0.7407866394062602,-0.49620576614498496,-0.559097390616003,-0.6418385674119681,-0.6661572114484633,-0.6906117875062134,-0.6486012647254926,-0.6192663884151036,0.47139497188243706,0.6484484734811241,0.7654422781369103,0.4039501002359679,0.6236746962812574,0.6511501754270091,0.6455827582972293,0.5442981439891916,0.6348720513226588,-0.7568744227365392,-0.6782394954236233,0.45465798288043285,0.679778710233331,0.6512512704864062,0.5153051751347215,-0.6775756329552693,-0.5520724482711302,-0.8053152695485142,-0.6624933337807991
10,0.5889843381110308,0.7260067413137952,-0.5313379301750834,0.8560130643429308,-0.4353910309656386,-0.8686250681669414,0.5051788724837349,0.7701877012557897,0.5989775117275359,-0.5708018462625316,1.0,-0.810405068225167,-0.7067859097500682,-0.7694841169708906,0.6253680016888201,0.8748969938639972,0.8902126721060669,0.8400693217140827,0.8771690998541632,0.8137548818853746,0.7018635189282224,-0.5641999696174541,-0.8044667292100717,-0.7167403751350501,-0.7508512685342504,-0.7760183513274294,-0.8502915822898066,-0.8820423251047435,-0.553270506883421,-0.7691419136999599,0.6076038045463011,0.7958445800340397,-0.6118446733017222,-0.7527082790856974,-0.9016866878583034,-0.6753726561426833,0.9138345244401066,0.7049844867463533,0.6387366969644941,0.7059386888582072
11,-0.6773097410271514,-0.6171954678889745,0.74043747387786,-0.9314995744371749,0.531633122301062,0.6782162030612124,-0.7749541864035187,-0.8259854763446848,-0.46757040750029344,0.6559313475110092,-0.810405068225167,1.0,0.7766856965989427,0.9220671220827706,-0.5207068677645545,-0.8909873212033789,-0.79705136797989,-0.9450145641897857,-0.9113753595480771,-0.7535879458610929,-0.8741774757546442,0.501428116737775,0.9197187929361534,0.7939298643458885,0.769912618969207,0.7616191928298262,0.9250837330623916,0.9115335335093798,0.807998308357854,0.6877881517286946,-0.743858554397715,-0.9023039778809492,0.5003310036029509,0.7964883148024688,0.8738395244059038,0.6506969555728092,-0.7869031247852828,-0.6817874470951036,-0.6793228425557037,-0.8766451768632635
12,-0.6476425517137776,-0.40917219185108716,0.7276482121172866,-0.7569240805886358,0.5929496691363789,0.7163911191877217,-0.6015074244075881,-0.8192242290828601,-0.358877981384435,0.7739594855421071,-0.7067859097500682,0.7766856965989427,1.0,0.855303859572805,-0.4191157678947811,-0.7146731550872778,-0.7740895436818798,-0.766161460245061,-0.7756735839543006,-0.754695508521678,-0.7791262630988449,0.3547656894611609,0.8078783213238838,0.8102916549821597,0.583708642583184,0.7588668361910685,0.7723290324524562,0.7616858795800625,0.7123703245220615,0.6423748956565568,-0.8408334520760836,-0.801299505970623,0.41067414401583957,0.7596013772378952,0.7638218079666996,0.7065128535172464,-0.7895890971865147,-0.736829274176856,-0.8399070989941074,-0.788495591878553
13,-0.7048220619791434,-0.5305853243194338,0.8015037522828211,-0.8981139669819187,0.5755517702347247,0.674089069038321,-0.7606647016006588,-0.8697223733024527,-0.4225161614568962,0.7407866394062602,-0.7694841169708906,0.9220671220827706,0.855303859572805,1.0,-0.48437539153628456,-0.8430450265008278,-0.7973310560503942,-0.8916177989941414,-0.8663985947121438,-0.7677107182534946,-0.8947216184718448,0.4523846389323489,0.918688548505705,0.8214058179119423,0.7209975561348836,0.7649856346425535,0.8714604450097261,0.8585551690666067,0.8190130216294755,0.6650939116439272,-0.8135890613850842,-0.8985842704321281,0.45123341062715405,0.8208660760737442,0.8403667341270755,0.6799993748368329,-0.7786046831860962,-0.7167295873755207,-0.7419508791068478,-0.8790159064621232
14,0.36814865529952345,0.7616063310163642,-0.43257088134012833,0.526584524516014,0.02560710260014832,-0.685838685032482,0.22278057274715815,0.5092461101062677,0.8105870525042221,-0.49620576614498496,0.6253680016888201,-0.5207068677645545,-0.4191157678947811,-0.48437539153628456,1.0,0.545819737154453,0.6439658222791989,0.5465213556648767,0.5685977107481252,0.7701305464466361,0.4979796013290591,-0.9213770135670186,-0.540322703904417,-0.48889271560645703,-0.5870470377839312,-0.6180424532451089,-0.5525413262278671,-0.5581098395476156,-0.24115756798927396,-0.7829878668693312,0.33600355088749595,0.5474908542035549,-0.7469281151481879,-0.5844330355006769,-0.6705721176638076,-0.25008330597249123,0.5825800011495036,0.3657132315156964,0.5265958715333583,0.4640103653669483
15,0.6401215309427504,0.6946808826237645,-0.5820361703664425,0.9274371457620812,-0.48987380004705533,-0.7143473209911958,0.6864198420886332,0.7756346279079374,0.5042507891630097,-0.559097390616003,0.8748969938639972,-0.8909873212033789,-0.7146731550872778,-0.8430450265008278,0.545819737154453,1.0,0.8201757253245673,0.9092714941598837,0.90918683190347,0.7420320127924966,0.8148180778755858,-0.5173836573623253,-0.8851753498962472,-0.7260846076389161,-0.8282778171979498,-0.7553667485048013,-0.8953155078526226,-0.9192519711728203,-0.6947060514580058,-0.7099740141805099,0.6560370829591031,0.8688758121338825,-0.5270857423093945,-0.7815372905163108,-0.9068242556361086,-0.6643419811395314,0.8114493688919556,0.6841191603683149,0.6328207271457161,0.7885387853354268
16,0.6440834093045819,0.6084411597284435,-0.6082514831427951,0.8089290707579326,-0.5226596308446549,-0.7927842107583146,0.5537801648930476,0.7601193247655542,0.5059944244250736,-0.6418385674119681,0.8902126721060669,-0.79705136797989,-0.7740895436818798,-0.7973310560503942,0.6439658222791989,0.8201757253245673,1.0,0.80027622603021,0.8250527905888871,0.8697730525535529,0.7604288053147504,-0.5708064966977757,-0.8218936403085564,-0.7501150921327353,-0.7385049266840464,-0.8229064048625074,-0.823514687597111,-0.8326875215342165,-0.5970817739677539,-0.7095760101517818,0.6848189448256644,0.8018003073904207,-0.5122728848431853,-0.8208494680143197,-0.8625053398516642,-0.7570505911808315,0.9000682214161925,0.7937892327729348,0.7133532195737896,0.7575828025734807
17,0.7028202695143113,0.6489433574844002,-0.7024445665886334,0.9562600879616766,-0.5220156493776686,-0.7307082811128675,0.7138213094346834,0.854169442490552,0.48624757125828655,-0.6661572114484633,0.8400693217140827,-0.9450145641897857,-0.766161460245061,-0.8916177989941414,0.5465213556648767,0.9092714941598837,0.80027622603021,1.0,0.9542479698785036,0.7576638458402015,0.8467770856217507,-0.5209811362807838,-0.9016757170283515,-0.8072409248106913,-0.738023492775407,-0.7643499203679384,-0.9382529251126056,-0.9419483645676182,-0.7628171364649614,-0.6992218629646266,0.7245254124786479,0.9113865000530545,-0.5086391881207192,-0.8056846398003706,-0.9044036873472957,-0.6822767106131531,0.8153020736538568,0.706267015614371,0.6916982155795501,0.8533169616728942
18,0.6778104542605872,0.6794765871058088,-0.6754347694812068,0.9453064253271017,-0.4839642120185536,-0.8054312837310601,0.6141379272745334,0.869496237795655,0.5209573148002006,-0.6906117875062134,0.8771690998541632,-0.9113753595480771,-0.7756735839543006,-0.8663985947121438,0.5685977107481252,0.90918683190347,0.8250527905888871,0.9542479698785036,1.0,0.7655004766707287,0.8037617763621362,-0.535385801402741,-0.876828545333318,-0.8282470725298043,-0.7128436441691096,-0.7797573927989169,-0.9281087842582583,-0.9521876172041402,-0.6954611566714354,-0.7290683764545145,0.7145572871378131,0.8948311269566946,-0.5347762963381825,-0.8139523255685814,-0.9230333376329579,-0.6839679196411218,0.8537639638304284,0.7059846294877011,0.7099630466994072,0.8133883815972752
19,0.6309154261889258,0.6717332820045543,-0.6405566871044105,0.7468624598435027,-0.4111376213951134,-0.790762539524681,0.49460298124735536,0.7670302231674888,0.6049383159392915,-0.6486012647254926,0.8137548818853746,-0.7535879458610929,-0.754695508521678,-0.7677107182534946,0.7701305464466361,0.7420320127924966,0.8697730525535529,0.7576638458402015,0.7655004766707287,1.0,0.7265086590166567,-0.6830289949792803,-0.786390419322892,-0.7344204536510073,-0.6949234967011513,-0.8006869277787897,-0.7679368358997634,-0.7587189811504085,-0.5335780758648474,-0.7640054510423877,0.6400012280006728,0.763904907426824,-0.5929003472854844,-0.8110200240999261,-0.8344755256992205,-0.6009832379738851,0.7984159168623094,0.6727483003340115,0.7169810055774323,0.7249749932500595
20,0.6518261060315667,0.4813671470982275,-0.7303005252352932,0.8600018674522631,-0.5452250596778322,-0.5720686467021793,0.7912065690204159,0.7745857482480204,0.3824982597593547,-0.6192663884151036,0.7018635189282224,-0.8741774757546442,-0.7791262630988449,-0.8947216184718448,0.4979796013290591,0.8148180778755858,0.7604288053147504,0.8467770856217507,0.8037617763621362,0.7265086590166567,1.0,-0.47466082766084416,-0.9314427868851493,-0.7755091755520863,-0.7519416649938793,-0.7309785164983867,-0.8655500644202491,-0.8387879694084143,-0.8451848339711118,-0.6143210356506339,0.8123689740428108,0.9320569591291977,-0.4057494737439774,-0.8140003793219153,-0.8167821935544458,-0.6565022314141237,0.7174805176902913,0.6952709286419534,0.7124576200902232,0.9088718614741655
21,-0.34010633096278264,-0.7699628963584042,0.4142722603319276,-0.498677414430518,-0.06732421484266043,0.6018389973149016,-0.19674917765212732,-0.4639434408484193,-0.7784143703191013,0.47139497188243706,-0.5641999696174541,0.501428116737775,0.3547656894611609,0.4523846389323489,-0.9213770135670186,-0.5173836573623253,-0.5708064966977757,-0.5209811362807838,-0.535385801402741,-0.6830289949792803,-0.47466082766084416,1.0,0.5344102872146314,0.4886758820864305,0.5771561770916461,0.5648903002735357,0.5397400097264868,0.543631947372951,0.23197439503843073,0.7461850501638855,-0.3163070242263609,-0.5262314676248531,0.7245421500269077,0.5909417761846026,0.6456232224420119,0.1851400481141219,-0.5210944959422039,-0.30257252410693647,-0.49787926645842834,-0.4541942822445462
22,-0.6949517085230248,-0.5835729137254467,0.7315635314288066,-0.9127200196151474,0.5520468496679093,0.6648911243136935,-0.7492450521824826,-0.825857213188079,-0.449640998231754,0.6484484734811241,-0.8044667292100717,0.9197187929361534,0.8078783213238838,0.918688548505705,-0.540322703904417,-0.8851753498962472,-0.8218936403085564,-0.9016757170283515,-0.876828545333318,-0.786390419322892,-0.9314427868851493,0.5344102872146314,1.0,0.838211178135326,0.8001294102490822,0.7976151512064349,0.9315191797166258,0.9146713884577008,0.8380868119228961,0.6881473693860851,-0.8170586689622923,-0.9454084815062168,0.48127365839162756,0.8754793821803678,0.9037385902698731,0.6946405702934786,-0.7961094840516459,-0.7289564177283396,-0.7267155687802452,-0.9115896434775858
23,-0.6613035111049536,-0.5059695904757514,0.7454337213360611,-0.7849178957285526,0.4828920444613579,0.7218845613551411,-0.5365086861646609,-0.852942420797886,-0.42026266725425426,0.7654422781369103,-0.7167403751350501,0.7939298643458885,0.8102916549821597,0.8214058179119423,-0.48889271560645703,-0.7260846076389161,-0.7501150921327353,-0.8072409248106913,-0.8282470725298043,-0.7344204536510073,-0.7755091755520863,0.4886758820864305,0.838211178135326,1.0,0.5511538656355616,0.7211624735621752,0.848062875152598,0.8390787008672697,0.7237575347544015,0.6534466431787612,-0.8321351511857166,-0.843188897527233,0.43824683132336,0.8587572229988675,0.8103349768115857,0.6533351756171343,-0.7695842330500409,-0.6828932850983552,-0.7762758409929253,-0.8394619029825708
24,-0.4819625590891044,-0.6268405922601433,0.47464468062632514,-0.7633802755961786,0.35312222385983427,0.5364755872555337,-0.6577957500889052,-0.5624841778038525,-0.5156160800611073,0.4039501002359679,-0.7508512685342504,0.769912618969207,0.583708642583184,0.7209975561348836,-0.5870470377839312,-0.8282778171979498,-0.7385049266840464,-0.738023492775407,-0.7128436441691096,-0.6949234967011513,-0.7519416649938793,0.5771561770916461,0.8001294102490822,0.5511538656355616,1.0,0.6802622583820936,0.7577325218068576,0.765672886589945,0.6001433142244128,0.6775142507821527,-0.5354004593156527,-0.7284443563612765,0.5561301014872766,0.6717300916675577,0.7875520145489012,0.508037270432146,-0.6850591544293317,-0.5408565227446781,-0.5106179885032847,-0.6995143001040036
25,-0.6140630436577591,-0.556906858127013,0.6201780567933745,-0.7594447526774853,0.5115946200907411,0.7284519147139021,-0.5310903006378904,-0.7236529557755619,-0.4622069777050409,0.6236746962812574,-0.7760183513274294,0.7616191928298262,0.7588668361910685,0.7649856346425535,-0.6180424532451089,-0.7553667485048013,-0.8229064048625074,-0.7643499203679384,-0.7797573927989169,-0.8006869277787897,-0.7309785164983867,0.5648903002735357,0.7976151512064349,0.7211624735621752,0.6802622583820936,1.0,0.789469102338563,0.7895267271028866,0.6009002713514453,0.6757152858337445,-0.6480338401835932,-0.7806614001265203,0.5158329693952869,0.7835149947089075,0.8282789334810137,0.6751646981892977,-0.7735228536542365,-0.7394677219429261,-0.6700750211874991,-0.7232226141427563
26,-0.6724163903092126,-0.6245273512390732,0.6695513013601168,-0.9294431019627417,0.5261594104367965,0.7343048949119514,-0.6761527727944421,-0.8274195305920767,-0.47227997895601026,0.6511501754270091,-0.8502915822898066,0.9250837330623916,0.7723290324524562,0.8714604450097261,-0.5525413262278671,-0.8953155078526226,-0.823514687597111,-0.9382529251126056,-0.9281087842582583,-0.7679368358997634,-0.8655500644202491,0.5397400097264868,0.9315191797166258,0.848062875152598,0.7577325218068576,0.789469102338563,1.0,0.9680700904044611,0.7757610034298823,0.70590817302809,-0.759430296811808,-0.9290234141354977,0.5005900527158872,0.8480735289581598,0.9281356788661164,0.7054655969329042,-0.8382359004563417,-0.73107496112254,-0.7095744127507174,-0.8760282139115552
27,-0.6507207569602972,-0.658865580149365,0.6377108439916188,-0.93862063321898,0.5117044188091875,0.7710046217601647,-0.6325147461439251,-0.8263961870235289,-0.496582362097114,0.6455827582972293,-0.8820423251047435,0.9115335335093798,0.7616858795800625,0.8585551690666067,-0.5581098395476156,-0.9192519711728203,-0.8326875215342165,-0.9419483645676182,-0.9521876172041402,-0.7587189811504085,-0.8387879694084143,0.543631947372951,0.9146713884577008,0.8390787008672697,0.765672886589945,0.7895267271028866,0.9680700904044611,1.0,0.7283040518592604,0.7210132287491005,-0.7259871416157594,-0.9194288752476518,0.5195423612723148,0.8346814665291095,0.9428083613191449,0.7056759247552343,-0.8618874247105026,-0.7285428292717566,-0.6944635490089255,-0.8470709772779599
28,-0.6456900353322342,-0.28384550491474425,0.6984158753365795,-0.7584374523291317,0.6179556733997229,0.4044530538495128,-0.8267920935563801,-0.6891840558860953,-0.16201775031169746,0.5442981439891916,-0.553270506883421,0.807998308357854,0.7123703245220615,0.8190130216294755,-0.24115756798927396,-0.6947060514580058,-0.5970817739677539,-0.7628171364649614,-0.6954611566714354,-0.5335780758648474,-0.8451848339711118,0.23197439503843073,0.8380868119228961,0.7237575347544015,0.6001433142244128,0.6009002713514453,0.7757610034298823,0.7283040518592604,1.0,0.41581411738364754,-0.7776559441635569,-0.8096974083908015,0.20919918647790778,0.6931516998499518,0.6583076886648312,0.6401654287742374,-0.566317474868405,-0.6339102919744624,-0.5956783974115234,-0.8512578782123745
29,-0.4158848763345007,-0.8168173899594499,0.5341074619450619,-0.6859429938708201,0.0785632876147251,0.8170510938654209,-0.36691396139335913,-0.6729238157527115,-0.8535639393007776,0.6348720513226588,-0.7691419136999599,0.6877881517286946,0.6423748956565568,0.6650939116439272,-0.7829878668693312,-0.7099740141805099,-0.7095760101517818,-0.6992218629646266,-0.7290683764545145,-0.7640054510423877,-0.6143210356506339,0.7461850501638855,0.6881473693860851,0.6534466431787612,0.6775142507821527,0.6757152858337445,0.70590817302809,0.7210132287491005,0.41581411738364754,1.0,-0.5577275393890302,-0.680300254425022,0.8783068099714547,0.643421594099367,0.789741796895672,0.3138812350816582,-0.7696172694473165,-0.4225657288900647,-0.7161590350084764,-0.6251905908214777
30,0.6365932972953103,0.3283211033063179,-0.7361341379221843,0.711276665167037,-0.5169823524845772,-0.5913513850920629,0.619079241326878,0.7656322550027028,0.29529330922435776,-0.7568744227365392,0.6076038045463011,-0.743858554397715,-0.8408334520760836,-0.8135890613850842,0.33600355088749595,0.6560370829591031,0.6848189448256644,0.7245254124786479,0.7145572871378131,0.6400012280006728,0.8123689740428108,-0.3163070242263609,-0.8170586689622923,-0.8321351511857166,-0.5354004593156527,-0.6480338401835932,-0.759430296811808,-0.7259871416157594,-0.7776559441635569,-0.5577275393890302,1.0,0.8032925914275568,-0.34148265774780906,-0.7716150879444411,-0.7015115347850859,-0.635947831171849,0.7042744224382684,0.6654813009370009,0.8176454230617257,0.8619940688130104
31,0.6777914540065568,0.5707375416603537,-0.7091262775658734,0.919370181084153,-0.5567447615470239,-0.6948936138035313,0.7032547246502073,0.8483612844063667,0.4370129802109089,-0.6782394954236233,0.7958445800340397,-0.9023039778809492,-0.801299505970623,-0.8985842704321281,0.5474908542035549,0.8688758121338825,0.8018003073904207,0.9113865000530545,0.8948311269566946,0.763904907426824,0.9320569591291977,-0.5262314676248531,-0.9454084815062168,-0.843188897527233,-0.7284443563612765,-0.7806614001265203,-0.9290234141354977,-0.9194288752476518,-0.8096974083908015,-0.680300254425022,0.8032925914275568,1.0,-0.45731155293316944,-0.8537854411165774,-0.9030055070887277,-0.7066147310910712,0.7926294872279623,0.7455500893803384,0.7546941946565119,0.896588243569321
32,-0.21942066900433604,-0.782835938511771,0.37554746093558483,-0.48478361960159483,-0.1584112295004215,0.6894843996584138,-0.19870818187083789,-0.4635766458615912,-0.8891916024061203,0.45465798288043285,-0.6118446733017222,0.5003310036029509,0.41067414401583957,0.45123341062715405,-0.7469281151481879,-0.5270857423093945,-0.5122728848431853,-0.5086391881207192,-0.5347762963381825,-0.5929003472854844,-0.4057494737439774,0.7245421500269077,0.48127365839162756,0.43824683132336,0.5561301014872766,0.5158329693952869,0.5005900527158872,0.5195423612723148,0.20919918647790778,0.8783068099714547,-0.34148265774780906,-0.45731155293316944,1.0,0.4297418807062046,0.605604229019634,0.058380185445158404,-0.5859591607751777,-0.15553813010405917,-0.5225294409834806,-0.41258704909286104
33,-0.7193927217415487,-0.5427879324460496,0.7045313584273646,-0.8047546197285295,0.52317401742934,0.6854443256679574,-0.5572601739958449,-0.8166043317087455,-0.4240190780902158,0.679778710233331,-0.7527082790856974,0.7964883148024688,0.7596013772378952,0.8208660760737442,-0.5844330355006769,-0.7815372905163108,-0.8208494680143197,-0.8056846398003706,-0.8139523255685814,-0.8110200240999261,-0.8140003793219153,0.5909417761846026,0.8754793821803678,0.8587572229988675,0.6717300916675577,0.7835149947089075,0.8480735289581598,0.8346814665291095,0.6931516998499518,0.643421594099367,-0.7716150879444411,-0.8537854411165774,0.4297418807062046,1.0,0.8518606621366054,0.7108326624620956,-0.7674272761230463,-0.7415389382840671,-0.7255519832215332,-0.8247255265342002
34,-0.634760584877315,-0.7290868453578063,0.6370383671668608,-0.9140441858414478,0.44830446358910575,0.8115583203515565,-0.5679782383920894,-0.8322808584977619,-0.5867329034506417,0.6512512704864062,-0.9016866878583034,0.8738395244059038,0.7638218079666996,0.8403667341270755,-0.6705721176638076,-0.9068242556361086,-0.8625053398516642,-0.9044036873472957,-0.9230333376329579,-0.8344755256992205,-0.8167821935544458,0.6456232224420119,0.9037385902698731,0.8103349768115857,0.7875520145489012,0.8282789334810137,0.9281356788661164,0.9428083613191449,0.6583076886648312,0.789741796895672,-0.7015115347850859,-0.9030055070887277,0.605604229019634,0.8518606621366054,1.0,0.6786231049822427,-0.8681540815514971,-0.7133825041436873,-0.722693039410704,-0.8048668876651132
35,-0.6370991119423479,-0.2337675575474729,0.4957012318746216,-0.6995313178393125,0.7895923109654558,0.5271871945793722,-0.5267379174369541,-0.6620502352651394,-0.04472550849506592,0.5153051751347215,-0.6753726561426833,0.6506969555728092,0.7065128535172464,0.6799993748368329,-0.25008330597249123,-0.6643419811395314,-0.7570505911808315,-0.6822767106131531,-0.6839679196411218,-0.6009832379738851,-0.6565022314141237,0.1851400481141219,0.6946405702934786,0.6533351756171343,0.508037270432146,0.6751646981892977,0.7054655969329042,0.7056759247552343,0.6401654287742374,0.3138812350816582,-0.635947831171849,-0.7066147310910712,0.058380185445158404,0.7108326624620956,0.6786231049822427,1.0,-0.6745112115720224,-0.9022978561846271,-0.5555448197652043,-0.6525996645203253
36,0.5816443617087189,0.6348444679681503,-0.5773275533327452,0.8161841091819139,-0.43813842795874347,-0.8739056362703621,0.49290932755947675,0.7807569695847514,0.5513854575339756,-0.6775756329552693,0.9138345244401066,-0.7869031247852828,-0.7895890971865147,-0.7786046831860962,0.5825800011495036,0.8114493688919556,0.9000682214161925,0.8153020736538568,0.8537639638304284,0.7984159168623094,0.7174805176902913,-0.5210944959422039,-0.7961094840516459,-0.7695842330500409,-0.6850591544293317,-0.7735228536542365,-0.8382359004563417,-0.8618874247105026,-0.566317474868405,-0.7696172694473165,0.7042744224382684,0.7926294872279623,-0.5859591607751777,-0.7674272761230463,-0.8681540815514971,-0.6745112115720224,1.0,0.725042210234751,0.7419962593622437,0.7268634439140006
37,0.662123166502835,0.3285291159575736,-0.536566636883639,0.7165026503774832,-0.7162780698529934,-0.5903314517682754,0.5359455213589333,0.6870344608459071,0.14998527153799854,-0.5520724482711302,0.7049844867463533,-0.6817874470951036,-0.736829274176856,-0.7167295873755207,0.3657132315156964,0.6841191603683149,0.7937892327729348,0.706267015614371,0.7059846294877011,0.6727483003340115,0.6952709286419534,-0.30257252410693647,-0.7289564177283396,-0.6828932850983552,-0.5408565227446781,-0.7394677219429261,-0.73107496112254,-0.7285428292717566,-0.6339102919744624,-0.4225657288900647,0.6654813009370009,0.7455500893803384,-0.15553813010405917,-0.7415389382840671,-0.7133825041436873,-0.9022978561846271,0.725042210234751,1.0,0.6143353240738516,0.6867827501778327
38,0.5475904378156837,0.48021781647424117,-0.6731727647364858,0.6724572228274064,-0.36203832832021027,-0.713423897035979,0.46307285615203153,0.7510589898356264,0.49039037677911174,-0.8053152695485142,0.6387366969644941,-0.6793228425557037,-0.8399070989941074,-0.7419508791068478,0.5265958715333583,0.6328207271457161,0.7133532195737896,0.6916982155795501,0.7099630466994072,0.7169810055774323,0.7124576200902232,-0.49787926645842834,-0.7267155687802452,-0.7762758409929253,-0.5106179885032847,-0.6700750211874991,-0.7095744127507174,-0.6944635490089255,-0.5956783974115234,-0.7161590350084764,0.8176454230617257,0.7546941946565119,-0.5225294409834806,-0.7255519832215332,-0.722693039410704,-0.5555448197652043,0.7419962593622437,0.6143353240738516,1.0,0.7417208176325144
39,0.6634303964824902,0.4801886669745941,-0.7405188531457829,0.8353863769582887,-0.5294404666416845,-0.6023296595356301,0.7512192356182957,0.7907402507007444,0.3853078426493823,-0.6624933337807991,0.7059386888582072,-0.8766451768632635,-0.788495591878553,-0.8790159064621232,0.4640103653669483,0.7885387853354268,0.7575828025734807,0.8533169616728942,0.8133883815972752,0.7249749932500595,0.9088718614741655,-0.4541942822445462,-0.9115896434775858,-0.8394619029825708,-0.6995143001040036,-0.7232226141427563,-0.8760282139115552,-0.8470709772779599,-0.8512578782123745,-0.6251905908214777,0.8619940688130104,0.896588243569321,-0.41258704909286104,-0.8247255265342002,-0.8048668876651132,-0.6525996645203253,0.7268634439140006,0.6867827501778327,0.7417208176325144,1.0
