0,1,2,3,4,5,6,7,8,9
-0.0329307009842,-0.311148881098,-0.348621731621,-0.0198718756495,-0.947527190007,-2.36758286291,-1.88188718577,0.105016586158,0.735929469856,-0.491838619245
-1.29039473935,0.913333985071,-2.73794257882,-1.6936117163,1.35893801605,0.0660710393385,-0.901341307797,0.154121018733,-0.175052939384,0.0861227752483
-0.641936285562,1.76325781732,-1.34193872502,0.471135334447,-0.73321234958,0.945170872287,0.437978939154,0.440845734611,0.607235466534,-0.340476597458
-2.26758158518,1.77861680456,-1.49759084471,-2.4543400356,0.743202761012,0.342501011194,-0.476082326739,0.134301823935,-0.112910825912,-0.0164005263776
-0.609875009276,0.810459352026,-3.66904308988,-0.0931518102811,-0.0485264120745,0.495442521489,-0.278411677325,0.153433756617,-0.631026850089,0.181253478956
-1.74803474992,4.28062430231,0.156350825316,-0.454961750206,1.07813795231,0.456429641249,-0.39542864196,-1.60846294835,0.326901687214,-0.117659587075
-0.141850690853,0.592319020313,0.871973268302,1.37982262288,0.974144538583,-0.567473998337,-0.475612344736,-1.31122072252,-0.475742540504,0.0116792549188
0.394262564001,0.905226760103,0.446407386622,3.34828225968,0.259787590889,0.373792866889,1.22275530174,-0.427585897571,-1.19613398665,0.168218103616
-0.508880422748,1.90800411789,0.00936073994571,-0.893825568374,1.25583199789,0.104148732647,-0.121070890064,0.793121363006,0.53244788736,0.186290061862
-1.74010265383,0.653039376672,-1.51717128956,-0.102753377762,0.801647260253,-2.09253356541,-0.484402538415,0.717263927145,-0.0572842718785,-0.161601709651
-1.99689871079,4.58639895037,-1.00443554813,0.226358243305,0.0530429141148,-1.0565155987,1.45809745923,0.0731730644243,-0.0800478711745,0.267900551026
1.04215073586,-0.339749601332,-0.0978889235703,1.09464117752,-0.692432778454,-1.22431664437,0.4693329699,-0.166772439287,-0.406543886349,0.0818835275331
-0.214864565795,2.66596331435,-0.861127927469,-0.860768428274,-0.719202769709,1.03615560645,-0.699905601045,-1.69993891559,0.395809160807,-0.61871024859
0.969872609443,0.146838120273,1.98093288779,-2.41846700053,0.488150088641,1.01795943931,-0.880131434054,-0.250282675786,0.506754410196,0.0509316893119
-0.618044805618,3.20701732563,-0.908491365587,-1.18358010788,1.80860622511,1.34417309187,0.521913461143,-0.571621546533,0.165587988005,-0.284605215538
0.114706639854,1.74838248013,-0.308622888414,-1.4779960175,-1.27375588542,0.350612761157,-1.64195850532,0.0684396690761,-0.312595184915,0.157222527454
-1.16578062949,2.09534988116,-1.43426241805,-1.05389195711,0.372371559726,-1.23177631832,0.627594732003,-0.0217770352311,-0.46450120425,0.519986650311
-1.26348773065,3.79816921474,2.18246357737,0.0652808650679,-0.0852666249442,0.129681181975,0.656564426156,-0.494833711674,0.152023673492,0.397349407475
-1.66040906619,0.178684570884,0.478770148453,-0.496378972183,0.688135940124,-2.30099023265,0.108736808415,-0.139095122784,0.325955435629,-0.302735783987
-0.876667388328,3.40231082663,-3.10497513575,1.07742387014,-0.656239733922,2.15683943607,-0.867359407999,-1.18343770519,-0.197578880021,-0.219486770089
-1.95171503837,1.15403920147,2.26248693987,-2.34060413697,0.913119940953,-2.03228159651,-0.725858884823,1.05759168881,-0.0553556805965,0.648993562427
-0.290159037143,-1.59707897849,0.106636077917,-4.0597398107,0.980188805395,-0.223702300415,0.476730941777,0.299071105348,0.274958030837,0.310719984243
-1.11191780839,1.13939883523,0.502639720468,0.738960546644,-1.10117667413,0.911041797298,-0.621616352441,-0.125916421433,-0.337091069016,0.240433674524
0.539710043389,2.29342503958,0.666643921735,0.142938542113,-0.946251559055,-0.259028714464,0.210690999155,0.642959283861,0.0480104395484,-0.00185134019424
0.621682158141,2.78263266409,1.30269718145,-0.201212684302,1.77690304696,0.0349219310217,-1.86340126324,-1.23967753401,0.427717809549,-0.0403902351895
0.185555723303,-0.241513259683,2.61489028328,-0.000353567859701,-1.96353699605,-0.102584535958,-0.0533378388956,-0.618060086555,-0.455829281975,0.470675128184
0.710381522194,-0.246376499782,0.274003111901,-0.619370158251,-3.37779612229,-0.37011732925,0.701194861687,-0.365424772657,-0.0911739283479,0.376374227536
-1.00089419443,1.26916215446,-1.7525799157,1.68878992671,0.761486148844,0.762801280107,1.53045691962,-0.496140191549,-0.869614243572,-0.127910079154
0.87124533196,-0.945157364464,-1.15604686378,-1.84797944782,-2.32718064996,0.484818096366,1.38964147373,-0.500508438631,0.369633041306,0.187265719588
-0.819023684554,1.72417894472,0.195655693356,-0.737353782256,-0.874283976918,-1.89022971541,-0.495926137463,0.517132001883,-0.442082087003,-0.0961218475282
-0.229791528101,-0.2337655437,-0.397536489468,-1.50907226017,0.217284627017,-0.254890911432,0.74582533601,-0.066046781267,-0.186206477727,0.403015680041
-0.214408040562,3.80669620806,0.337497965471,-0.420549548623,0.630999370367,0.37347718053,-0.036652789398,1.47616335146,-0.3863164185,-0.309428224717
2.9585213158,1.48171987218,3.12808711519,-1.22133989188,1.30951084714,1.06601373147,-0.582499236425,0.580161920303,0.0026051108655,0.0139358143748
-1.24496841654,2.43816231621,1.45966844166,-0.818150842387,2.26330742382,-0.044353162255,1.48348208353,0.904988219284,0.204500285677,-0.411747025751
-3.51163452918,4.28493825463,-1.67241228047,-1.77841903191,0.447757394111,0.959665326925,0.110942723559,-1.10832398332,-0.304283162613,0.398841787016
-1.31260185939,4.95692552042,-0.338851921738,2.97751287761,0.539459666238,-0.717283735205,-0.421292636752,0.250129945567,0.0532926826319,-0.0345366634078
-0.972820249546,0.737953216861,-0.632047016901,-1.23143851149,0.596865989377,0.136626463759,0.134167701298,-0.580740277475,-0.0694506443757,-0.302496415832
-0.562851430761,1.98592272455,0.0138801803883,0.00201349355893,1.90481787866,-1.42290044905,0.370900786405,-0.53540237479,-0.01874304932,0.0244590931175
1.79217023034,1.81786710764,-2.67732768306,-2.02101737983,-1.05249455408,-0.427306783465,-1.89958633716,0.683852382833,-0.0143084720796,0.0801918302359
2.3947917079,0.476984815163,-0.440575498911,1.70694179157,0.485840093589,1.0412882261,-0.785356314113,1.11779864644,0.275075750361,-0.123142594827
-0.0084258493178,0.879923474622,1.30456717497,-0.488019542467,-1.30592563303,0.359221196729,-0.596245527173,-1.28057495335,0.31449259095,0.241689923814
-2.34162165156,0.828555253024,-2.05466852464,-0.108440612066,-0.394912761712,-1.97090452053,0.747085739273,-0.468878572379,0.296086246824,0.344248781562
2.28783975223,2.02913359359,6.4908518149,1.06283849754,0.911216518942,0.715295588085,-0.544469009231,0.374439919737,-0.826025235599,-0.230487017216
4.74146526523,-5.14612982409,-0.232585618181,0.78114225562,0.114174933698,3.25152190801,-1.03815771362,-0.733610593781,-0.0698754620048,0.00713671975559
-0.164955065708,3.48284327986,0.409165482324,-0.36973092118,1.5199009912,1.58343814723,1.04670126619,-1.1901357032,-0.2364245281,-0.784063189296
0.246583341189,-0.81683156199,0.539017729787,1.65138372757,-0.656950067789,-0.347367867349,0.863349484617,1.21028644475,0.00726678978155,-0.546505028176
0.933566358203,-1.20856159343,1.22780672082,0.119596494979,0.271864274164,0.180481496358,-0.907778275393,-1.30729128528,-0.809147629601,-0.29676951454
-0.758762223482,2.33794241958,-0.657888329405,-1.27055292188,-2.04336418023,-0.385567253615,-0.343118974765,-0.114435991424,0.14404953458,-0.00248790928112
2.50108508889,0.21211650074,2.93169536717,-1.08403523421,0.365299297669,-0.0147415300661,0.475099232352,-1.04739426996,0.359494538243,0.00182488587995
0.58057757929,0.641629795657,1.66550562548,1.04418107845,2.61237773322,1.10764446404,-0.567305116925,0.682482271815,-0.0634077340896,0.161276916824
-3.02270197212,-1.15139410695,1.73616683252,-0.664967551976,1.33953526506,-0.788917004868,0.315664097366,1.13052082133,1.18002374547,0.1800192736
-5.14222183163,-0.524318992258,3.61403071877,0.489564928921,-1.62094751605,0.769440580398,-1.13689373746,1.24028088587,-0.377051109806,0.30331403288
-4.98591800178,0.383641440483,1.92192784682,1.74123860942,2.46578168916,-0.0474701271636,0.102430608275,-1.27918089714,-0.296605600246,0.358613859981
-5.64150439718,-1.10482278964,0.487715408702,0.109043647778,1.19880686688,1.04932345423,-1.18549397998,0.959313234127,-0.45148454223,-0.308915970196
-6.03203903083,-1.13926922929,-0.550596897805,-1.61636770307,-1.68296443293,0.00242643111016,1.16318393742,0.104339310148,-0.103928988062,0.262877041407
-6.03770274454,0.385663728256,-2.95018921799,1.48567650797,-0.0447970656411,-0.418218259824,-0.388936202452,0.785187483383,0.385036929099,0.122898277736
-5.50461785065,-0.9917838905,-1.5447821176,-0.63986386228,0.316357776215,-0.244873651066,-0.620996756714,-0.181139265394,0.0345143949414,-0.854645823815
-6.56067812047,-0.815157342267,-1.69162863065,-0.146457629846,-0.718000864,1.17465968249,0.0589067505793,0.231632385249,-0.21447966188,-0.406310161458
-3.16100405669,-1.39390892529,1.29777995176,-2.69345955613,-0.423914409796,3.92931753868,-0.545134427296,0.0320030579088,-0.232976954117,-0.0793257379683
-5.1753843275,-2.16191461043,1.82234304795,0.0810329743256,0.745152950188,-0.400939961161,-0.361193356551,-0.332770988824,0.0867424259628,-0.8089017893
-3.62958240592,0.595481802646,-0.380697724685,2.81993781156,-0.119423777792,0.818948908476,0.508510765829,-1.70156008504,0.265734064223,-0.0209282365877
-5.06758103832,-1.87572393278,3.42687360895,-2.90427790877,-0.541089409567,0.684494405903,0.790917980817,-0.122189104995,0.747105435367,-0.428655244057
-6.40896317706,0.590066347013,-2.42113526245,2.28524962765,-0.598037708778,0.0134796701391,-0.503316662034,0.977517709705,-0.49339543505,-0.123279062755
-6.2367860284,1.21324690035,-0.853633056626,0.925471084504,0.723403875986,1.1986056522,1.62732194852,0.967039464923,-0.0839717134227,0.234096550731
-4.1851947344,-0.13342855962,-0.386392201507,1.33777537145,0.719575714641,0.315789141566,2.71316062458,0.131971312424,-0.14200146338,0.15015896295
-4.29783556278,-1.40852207785,-2.11647813001,-1.22403508152,0.198505240571,-1.55403533674,-0.600140506419,-0.974394652431,-0.132802598931,-0.206117478695
-1.74389975257,-4.51974119929,3.52245856603,-1.22298601646,-0.423651105942,0.406520316377,-1.9490292372,0.466151149951,-0.158616373703,0.238037363633
-5.64715137181,-0.669310591681,-0.314555108664,-0.662057073431,0.762171486753,-0.719730053995,0.14849630072,0.333957051274,0.0609522595831,0.181710445322
-3.11113462621,-0.701429128316,4.49228190748,-0.163035332093,-1.3394466162,1.49582224807,-0.204041726234,1.85976784367,0.516402785681,0.187258199932
-6.219381441,-1.32347583841,2.43587058652,-1.58030115451,0.227122925991,-1.29947035656,-0.958014182059,0.057124125736,-0.367118906256,0.0974324520224
-6.70258871742,0.144108081905,-1.92677834622,-2.67010388202,0.517730186503,-0.623643295152,-1.18023025815,-1.15093477462,0.145010098362,-0.206572323063
-4.58599702079,0.917633005273,1.54688874569,3.25289286438,0.248978464119,0.955745989707,0.252168282577,0.278659247691,0.788705169379,-0.0941254170811
-2.96340869464,-0.139153261827,0.872755865521,0.329308280865,0.518011985741,1.23909904681,-0.382327423098,0.906555171855,-0.307069819605,-0.0889301304065
-6.59523304145,-0.660022637716,1.8367604286,1.65782101849,-0.744267219752,-1.62581543625,-0.530395205165,-0.438540096557,-0.412856925608,0.0137746572929
-5.02222147112,-0.148066441509,-1.50258689566,-0.0780205473998,-0.47358988288,-0.105047744592,0.183679931325,-0.239741063416,-0.301383553112,-0.0835304333653
-5.98522823658,-0.584928142817,-0.423830751686,1.20893417411,1.06029658966,-2.42443138105,0.633468265709,2.10693294454,-1.1094624888,0.378299551123
-3.91273835701,-0.930404275725,1.85693471875,-3.0710198121,-1.72185416937,-0.250841283822,-0.827362265775,0.289920239706,-0.156078595765,-0.132963500096
-4.34807006497,-1.49881592299,-3.96679578256,-0.490991801004,0.433166322328,1.00733498503,-0.200967377213,0.40303548099,-0.0431351096015,0.195013993064
-6.58243511861,1.4837586583,-0.520349250449,-1.10837567119,-0.0675202126272,-0.0847135997606,0.191901879593,-1.48256332239,-0.37832472721,-0.175802902532
-3.5329687736,-1.02892574953,-0.314339022052,2.90771594283,0.459426952222,1.0063481707,2.57443365094,0.162430690559,0.927125608507,0.249949893044
-4.5627033358,-0.521089286371,-0.302831319039,0.696484400106,-0.209802013564,-0.167188693844,-0.635631970686,1.29531313668,-0.402667895118,0.346986087046
-5.94330028343,-0.425193809433,-1.24478984359,-0.379490890126,0.957213640851,-0.717290154136,-0.232519022444,1.26574998895,0.402414491922,-0.0350995197026
-3.67465573621,-2.51180309605,-2.26938565002,-2.72905890447,0.132416939539,1.16793596408,-1.6699195461,-0.0617161007625,0.303081764979,0.114140603486
-7.45052899178,-1.00739822665,-2.53362767824,-1.58517935944,-1.03824391089,1.4539724026,-0.575480209649,-0.407077572546,-0.746638835576,-0.0385490670786
-5.16340485392,-1.94603160725,-0.162209277559,2.14663405637,1.21075326385,-2.1798523928,0.436371955303,0.276591724641,-0.0344570515653,0.0788078849107
-4.70960087006,-0.777106834473,2.83216354696,-2.89756824515,-1.11056495145,-0.431675101857,2.84163033623,-0.227021400712,-0.425407042472,0.390114084699
-4.78558967137,0.298337055494,-2.20487717565,-0.000874409770288,-1.17285231981,-1.39257034175,-0.533190120393,-0.597293516391,0.337838799152,-0.637992528672
-4.38051380675,2.24323798189,-1.33153682463,-0.593504837653,0.519121645127,1.91331695295,-0.359565396762,0.855713686048,-0.351512801932,0.101845939009
-4.69054126774,-0.293517275207,5.40466282297,-1.27753060203,0.291000567143,1.14488735204,-0.895882219855,0.473283887913,-0.982049000038,-0.130266626534
-4.87045675846,0.844491807174,0.404006440563,0.182849751543,0.78437050788,-1.0821509065,1.05868173101,-0.567124891859,0.789110616666,-0.271287817501
-3.30739838191,0.641350162978,1.67713451257,-0.802771812986,1.05676227937,-0.656163483343,0.20234158116,-1.07396993797,-0.1957580579,-0.156021356432
-6.31589369934,-0.642520091492,-0.729098390578,-0.73892277549,-0.43698423515,-0.109977785195,-0.702013855037,0.168470375818,0.278660247186,0.258282813737
-4.42628517368,2.50580703213,-2.48589354782,-0.0296587017926,-0.200167682696,-0.0610948394222,1.25790509708,0.485082166921,0.0950555741809,0.194139228538
-3.9839978935,-1.5134030062,2.0009284474,0.593336831253,-2.52140828291,0.895214663734,0.43531874783,-0.355393195109,-0.30362792385,-0.679059881352
-4.84415715213,-0.0544836752034,1.98427435474,1.50001835795,0.830945585263,0.164141726168,-1.6913943523,-0.442313758079,0.54739103482,-0.396333234219
-3.58469626997,-3.64466306576,3.19181436264,0.108126296959,-0.472390935639,-1.91853687114,0.220193095088,-0.626738321663,-0.181914869052,0.0319975177269
-7.24647931792,-0.640635901538,-2.05923769774,0.238730978056,-1.21963517415,-0.672003201066,-0.0124466598054,-1.44763614055,0.195082325286,0.257048512773
-3.51607670428,-1.36404889081,2.470724705,1.90019503963,1.12712756769,0.893702462519,0.511330537159,0.657414164544,0.788248057612,-0.210944582502
-4.10434459734,2.09158188294,2.653824568,2.32234460096,-0.676816887015,0.712453942411,2.18216478019,0.294229020875,0.565837916542,0.145916695747
-3.92322025852,-0.899426376557,0.421189032224,0.103812449675,0.735558110398,-0.157079671301,3.26626081518,0.798134947319,0.480004588885,-0.761115818216
5.27569834112,3.48718640566,-0.0745595167093,-1.0915135678,1.40560979685,-1.28241594494,-0.499939933009,-0.337889304626,0.314228976745,-0.0518324646681
6.11613134648,3.16645286169,-1.9364651357,0.419705850531,2.67242900208,0.0999131699822,0.47869664931,-0.254574650742,-0.671324646007,-0.425508811184
3.60653233297,3.66168175894,-0.373904871831,0.572691880108,2.05319401684,-1.24483891906,0.496105352964,-1.14382684862,0.396696977642,-0.0278930797377
0.984240187897,1.56347883621,2.09307679745,0.260850112544,-1.972450751,-0.432933500143,-0.776140609051,0.475522991892,0.186191323804,0.0285129111839
-0.285121343341,3.85256628149,0.882898941684,2.23744150353,-1.94850667879,0.714920097293,-0.896874917245,-0.238496181045,0.369269286076,0.536541154883
2.82568930584,3.13930339266,3.12408812161,0.149486512172,0.795485814041,-1.3202431303,0.0118507851684,-0.208291262857,-0.464029266251,-0.0388244082645
4.04240899502,3.67897599849,0.927374525411,-2.04595105092,-1.56173673197,-0.0016939682366,0.271938550103,-0.337837592549,-0.440923450741,-0.430780619354
-0.947237724359,2.35553400482,-2.92264116207,2.35319991314,0.0665990998432,-1.28160237627,-0.468624655879,0.606389221317,0.242822971866,0.192407564079
4.1289494722,2.4974021013,1.43130960053,-1.64220452073,-0.069734030998,-0.317410623279,0.482194948234,-0.587346771232,0.135481847873,-0.472282865456
3.36044273387,1.47494763345,-1.13590267677,2.7322229195,-1.68807132023,-1.24050461542,-1.64901208166,0.406159302304,0.756483280219,-0.239468645097
4.09932900732,3.94933126805,2.43080634028,-0.790424110747,2.45310355806,0.442981180643,0.55186113329,0.696182943452,-0.197318014302,0.161028456514
3.99461482731,1.92572027297,-0.772690708012,-0.608484995383,0.511566214998,-0.557268515742,-0.580441526653,0.708693674269,0.244045850701,-0.025953061116
3.07463327315,3.17809002817,-1.89884781757,-1.23417502537,-1.2959276875,0.784459842984,0.185435248616,-0.184502554982,-0.17217451388,0.0271929341501
-0.133953930497,0.938872661464,-0.3921263497,-2.21658465104,1.68243550533,1.86763224617,-0.58220578652,-0.251378804199,0.742645825641,0.418152663551
5.2987423533,2.24570279666,1.16914798301,0.382012431252,-0.830301516298,-2.42213240942,-0.45626999137,0.402623584354,-0.747561877554,0.086300595001
2.49564989142,4.088665866,2.0568465056,-2.23351394843,-0.790234048136,0.730090204134,0.169568988294,0.545840436319,0.111219640818,-0.0189308906029
2.85733573824,3.11040027416,-0.146324145436,-1.97522673865,0.216850499304,-1.1048070517,-0.491276843936,1.34496730193,0.0869231971638,-0.270602929879
-0.889476249933,1.82033114161,-1.95174758151,2.13730172271,-1.60648743391,1.89901179882,-0.248335896783,-0.683555589574,0.0808846808006,0.293340040058
3.93142157104,2.45255402213,0.102673878887,-2.37223423505,2.40644499104,-2.41893947747,0.310043861983,-0.357921947055,0.782515526534,0.57910556855
0.494909922632,4.20409501654,1.92411752043,2.6781509233,-2.9142708009,0.343302787224,0.375721102923,0.969608748326,0.446502632798,-0.107281411317
0.505809452368,2.72295272109,-0.791359053909,0.324020733029,-0.305272914451,0.079317916502,-1.47855571209,-0.13221538333,0.328514662917,-0.273749725549
-0.758113810817,0.50529024064,0.478868436182,1.53413128342,0.726211040614,-0.715883704099,-2.38442479307,-0.668906571821,0.103051252952,0.821804104586
0.533262249543,1.23143882578,1.55315874793,2.26000800396,-0.975899034457,0.820855427452,-1.26978994836,-0.291200869005,0.69046744216,0.388215529874
-0.65708418779,2.96311453411,-3.64722956252,2.73150784484,-0.876172704836,-0.793483358409,-0.408869926513,-0.13646873466,-0.436115540394,0.15840653523
0.998955249194,1.83231828911,-0.20769283737,1.89283420466,-0.551530321042,0.066982520043,-1.48595269809,0.865017517502,0.661213173695,0.44156696234
3.310548692,3.47973064493,-0.842979304402,1.46499604374,1.1059975498,1.13863425187,-1.4587503664,0.1782552147,-0.245401756938,0.384013255592
2.51775711084,0.18856810458,0.787648937595,-0.676952292267,-1.77611824044,-0.247929936663,0.239329984001,-0.454566584797,-0.0567377108244,0.40887012224
2.90673688612,1.78728416409,-0.584195169033,1.9436974024,0.745262937897,-0.778174299903,-1.71371121953,-1.82104753618,0.297293846304,0.145208084402
1.97758333291,3.39466045302,-0.62996507995,0.600205766741,-1.43104142503,1.30369542676,0.422507928056,-1.60548049552,0.0637227813049,-0.123786573393
4.28413793297,3.20521726872,-2.01123621344,0.351857702435,-0.325828196565,-0.0884458927454,0.535154252522,0.824431621735,0.421332582386,0.231198798445
2.31115253191,3.58299213456,-2.16837737289,-0.6548221869,-1.92737829715,-1.07277359008,1.4240740208,0.530816779971,0.0776813202311,0.239635668826
2.56696686429,2.38605674468,-0.212312690945,0.139584348084,-1.03672929813,-0.866592711382,1.6416153962,-0.311439707455,-0.026711420791,-0.00895000908178
4.76712509106,2.95829900609,0.76453875386,-0.222163283173,-0.171325027432,1.27020271589,-0.384655707054,1.1106199975,0.181745901334,0.204425425648
2.97432861064,3.1132275714,-1.66558974108,-0.375692910153,0.761012672479,-1.04646058699,0.0390191951849,-0.206304316041,-0.123442276528,-0.417561804692
3.22386744978,1.76639422404,0.460239114092,1.13362300975,0.714011208339,-0.797651451995,0.675074353816,0.264130225675,0.00227504390863,0.0734169618244
3.54409918922,3.42269348984,0.717241357684,-0.0403287029077,1.43102094479,-0.186423026957,0.0372070333194,-0.882540754595,-0.208518722701,-0.0164748512205
3.78376662235,2.78280830639,-0.143913956634,-2.39960313338,-2.0716222626,2.62828377421,0.136642377084,1.25522224254,-0.0367282780104,-0.12319518372
1.84568193529,4.40833441284,0.171173021838,-2.73240309492,-0.580148357691,-0.966714997031,-0.090464173107,-0.214410551725,0.143453333287,-0.286226303352
1.93805914211,6.45088229625,1.16578654856,-0.595582072767,-0.696656469814,-0.678761425529,0.359994841828,-0.660265447444,0.415062709629,0.0553551753652
2.74358272054,5.94132525106,1.72678574819,2.46988227025,1.64844254074,0.358925074982,-0.136799706042,-1.24493890642,-0.143936947709,0.781181085049
3.4031302496,5.27305169887,0.585497520852,3.03893864404,-0.22279233598,0.138695858869,0.435940560634,-0.369454732615,-0.849823685126,-0.0588070372772
5.00892450867,1.895407798,-0.568168636504,-3.2769235078,-2.07901556056,0.980405280558,0.199629393009,1.6996603144,0.56627562062,-0.230523519916
2.36056853982,2.18983233761,0.196909890545,-0.607058670015,-0.245788686151,-0.244141279938,-0.264896724757,1.60009489562,-0.615686849059,0.446211864338
4.22337254154,3.28106001644,0.354047526343,-0.485164379638,-0.484041747877,-0.52915229825,0.800823417702,-0.622401549591,-0.971582861825,-0.786827308482
2.43449845351,3.22787074299,-0.350888109247,-2.01633494433,-0.949670206521,1.55691006827,0.715208075746,0.130199650678,-0.189778790971,0.219082806264
4.06385010479,1.66103064121,-3.08277052713,-0.383710776018,0.784553145315,-0.538643924558,-0.0854453597211,0.248127741295,0.170175702523,-0.400060603171
3.84246618779,1.62729796138,2.54331189581,-0.43676142577,-1.28352175727,-1.35929768006,0.579413725317,0.102120029855,-0.127967396626,-0.492642596437
4.35693333558,2.3912200315,-2.89092827807,0.0882033569739,-1.20242891412,0.409180498657,0.512282758942,0.894777270297,0.240660242212,-0.396892993819
2.90073525093,4.607730794,1.34890646793,-0.119465746769,0.0463895484433,0.70759158846,0.219901897352,0.396857198401,-0.452582010208,0.0529979741766
4.08235442448,4.31031184021,-2.57453022524,1.36707001657,-0.274686318907,0.689900346421,0.325022044363,1.74351093316,0.339807125383,-0.0689202970691
2.88360582297,-3.03854110369,0.17671018646,-0.994251351935,-0.480748674652,1.98411752359,-0.285207140425,-0.0644199504847,0.328517304838,0.188015124622
2.08590330234,-3.39806758814,1.46563387642,1.91689636617,0.66876666455,0.855953183332,0.530856746444,-0.321281662272,0.683171424593,0.0592810668104
2.81936598531,-3.85856858361,0.215588942026,2.05318288927,-2.96373912374,0.235118527776,0.435120122463,-0.644141020545,-0.0950219818025,0.213771045439
1.40359302133,-4.61123062997,-0.175639212157,1.12258417375,-0.167169106413,-0.421512415239,-0.222170805724,0.517775762163,-0.362538119731,-0.209611179214
3.07649568318,-4.55126217827,-0.438361499241,-1.04569985871,-1.83119934436,-0.222907625612,-0.278410022583,0.412270941083,-0.363454208766,0.0933646768968
2.08357810122,-5.09933653491,-3.86990016192,-1.24677711205,-1.19685634722,-1.42793477934,-0.732602202655,-0.168118883445,-0.279925851397,0.0122810005881
3.37389499088,-4.76134954451,-1.1357410724,0.170820478706,-0.273276156734,-0.370946391135,0.525635847348,1.19459625419,-0.088785084223,-0.383380396083
1.44897947958,-3.95599378911,1.46080986751,1.02620419266,0.314647187631,0.883005168588,-0.0663884634841,0.0568832420597,0.180284426966,-0.0237508968208
1.00155142167,-2.88981362459,-1.08720059751,1.10840004737,-1.88284146551,-0.834637991598,-0.405947268217,-0.623634365504,0.551721111457,0.0274774292602
2.23684451133,-3.60661091607,0.611186159306,-2.22884179213,0.255275689988,1.21778457519,1.12548908682,-1.17245105147,0.328841916811,0.457920100088
2.56004031518,-4.62152481279,-0.611411208732,-0.806994010136,2.28621142124,0.699903061474,0.141605551293,0.131531490031,-0.130444748419,-0.343251091757
2.60999432233,-4.24980366028,-0.166172343442,0.739209408807,1.24368739079,0.358333598958,-2.94140519867,0.282768455957,-0.0766630641608,-0.0415941965701
2.77399576604,-2.85144730597,2.45327619457,1.35576904026,2.46655164144,-0.0561714481144,0.111548909506,0.330280955185,0.680630685358,-0.170133354583
2.2839732158,-4.36217982521,-0.618341635058,-2.05395870885,-0.0499101258142,-0.433430591089,0.681305197265,-0.0701232906834,-0.0637195440145,-0.028345825498
1.11889164994,-2.7856982392,-1.8657766545,2.52073365503,0.0321129071431,0.781264711185,0.130418985602,0.399478995622,0.786486836861,-0.292139805624
2.80868476522,-3.23884295947,-0.389509082358,0.535600272011,-0.731709890462,0.325806324551,-0.203418106449,0.437100697386,-0.678531341392,-0.0415879019729
2.65350073518,-4.53942075709,1.25185364736,1.20971595708,-1.52206592221,-0.938124074994,2.1979301863,-0.0915839585823,0.472251368637,-0.158605153036
3.75863387526,-3.49490744156,-0.939537844469,1.19508228607,0.14453572196,-1.23789927579,0.623119654469,0.713590560768,-0.128911722616,0.31644872816
0.937758062193,-3.30805774441,1.4299394404,2.27237867226,-0.0426553257796,0.222245099627,-0.788433345308,-0.486464559968,-0.322921177591,-0.102399636817
2.27609242798,-4.59159516923,-0.336449138047,-1.49163707169,0.516171035543,-0.109004430179,0.536841559768,-0.61826589603,0.0683540084215,0.384959291298
2.65030963162,-4.19153766702,-0.762442248221,-2.11526163509,2.46365169175,0.656631059637,1.62150275902,-0.312005749959,-0.0374994857981,0.0826045804752
2.72210641841,-3.40299357841,0.0403271684608,-0.395861985125,0.543582065242,1.71385210259,2.26390348079,-1.00146777063,-0.308904384356,0.265553439741
0.502573809787,-4.28470988706,0.80925121109,1.13680969539,1.24619222025,0.328583572253,-0.218153387525,0.422379789725,0.489376477321,0.529162275115
2.63976972532,-3.38384826078,-0.869431499559,-0.541475474963,1.48748079933,0.338011645062,-0.621193199742,0.861898940507,-0.449774095099,0.083773766491
2.92816252301,-4.9166073572,-2.96000930181,-1.29336676231,1.38649382582,0.212738723483,0.0266037232134,0.413855880068,0.488156242105,-0.0907386685267
2.65503083472,-2.86544041487,-0.661863327696,-0.386016725199,1.44634823341,-0.358746520662,0.627290685816,1.26849028254,-0.45329311841,0.00633013625338
1.34746538559,-2.79557460452,-2.92749246939,1.2495120654,-0.368862570765,0.488073009329,-0.449163074418,1.48180227048,-0.430114886777,-0.351964262074
2.17394568618,-3.64872387343,-2.02482254191,-0.952017349938,0.0396275517489,1.11287709404,0.145750682267,-0.0873305692881,0.0927884786434,0.0150757852738
0.919177000584,-4.20110069143,-2.96091816169,-1.73647585064,-0.12375581298,-0.496087804762,0.188176905147,-1.19143035014,0.149808456067,0.6045455944
2.17976498001,-2.72553193599,-1.08203558523,-2.05350107963,1.51874701881,0.184767971907,0.0548795690214,0.109950784286,-0.306505474459,0.075226146668
1.91679894242,-3.76593198867,2.1162143578,2.12343267009,1.74181907164,-0.527372551694,-1.42064836735,-0.0808344915236,-0.0564393006181,-0.398768612159
1.8837038984,-3.36423703854,0.551059480974,1.44896737897,-1.19425416271,-0.662949417307,-1.69646094782,-0.821322577352,-0.0636325834532,-0.491397873597
1.99384341411,-3.81358108095,-1.80731445548,2.47285337908,2.10723557142,0.610907628292,0.417684091179,0.915655239905,-0.389098218593,-0.0570398450781
1.46433212644,-3.23061168651,-2.25732577618,2.88884713674,-0.423700861528,0.103925334091,1.11998989185,-0.367379518866,-0.278278844713,0.141796142188
2.1431504079,-3.33799598385,1.07672966586,-1.22165807958,1.86694023634,-0.420368077358,-0.287436621274,-0.155713490949,0.342751108251,0.220219864795
2.14453355944,-2.25906301072,0.202373194691,2.20092195939,-0.720905963019,0.791078609957,0.206266288474,-0.917450278343,0.229798117274,0.0567200679494
2.62549233616,-3.40155360511,0.924903670979,0.0657463767605,-1.8988597161,0.186511454495,0.0333060017846,-0.584652364864,-0.0173426359556,0.0720904791985
2.47448408628,-3.10089926357,0.838742641686,1.92200910411,-0.17049148631,-0.0119167128475,-0.537599892905,0.177523173356,0.271262727235,0.0918894236595
2.85949461105,-4.00887423749,1.1983829072,-1.00355515486,-0.601534230663,-3.66696214612,-0.132854079518,-0.180978044929,0.162015955875,-0.157777049144
3.24123193224,-4.30036990191,1.93337828074,-1.4052115922,-2.5483838798,-1.47160014126,0.330438058149,-0.739609371994,-0.113366832837,-0.087522588333
2.514347212,-3.67950645746,0.821295355393,1.19797376148,-2.41470954638,-0.425772927912,-0.460945203612,-0.128156241262,0.157260434873,-0.179207275154
2.87348292607,-4.03031017788,2.78631876605,1.80955522876,-0.00212325741311,0.154296358789,0.780998026362,-0.50433066994,-0.409157857375,-0.264134699829
2.32607868185,-3.94165315758,-1.9591106818,0.098683940943,-0.12133163604,0.0452568741006,0.201801802239,-0.667098199746,0.028343133142,0.359624869718
3.21132701779,-3.94617577648,1.26808369467,-0.571576305735,-0.80816986436,-0.883995508873,0.628984240288,1.06938875709,0.252537051174,-0.0115836204541
3.60123140705,-4.27893748126,-1.76603186149,0.719498645806,0.444268743697,0.287606530306,0.177628609604,-0.0481717253183,-0.0881957147909,0.282207263121
1.81154478164,-2.79942390887,-0.727854501727,-0.404862769524,0.595176225338,0.0731401769997,0.0680297559342,-0.464795678178,0.33256507438,-0.298201858833
3.59993598879,-4.30002993897,2.59692891181,0.241187536216,-0.390760927129,-0.569465790693,0.779660155263,-0.309739970167,-0.401407451785,0.140019752707
2.06388057039,-4.07947519799,-0.953582938479,-0.947340118875,1.15752500908,0.0103109431921,-0.00231071570068,-1.00880411735,-0.368674462363,0.288242588322
3.05707806794,-2.93388354321,-1.51386998655,0.0617599165991,1.13831584918,0.449843782118,-0.554147283126,0.336617625321,-0.508732703616,-0.105647495049
1.86848723552,-2.87926245394,-3.81822729179,1.30008093968,0.432162093453,0.977254433688,0.774333031362,-0.56285726528,0.0597390376389,-0.255540493864
