imgName,FA,CA,AV
../../../cfd/AF-200-N.jpg,3307.46755605,447.581400528,175.875437011
../../../cfd/AF-201-N.jpg,3356.62072042,420.897356432,203.413936914
../../../cfd/AF-202-N.jpg,3584.62379041,471.728874639,179.168251392
../../../cfd/AF-203-N.jpg,3533.58732,486.578276479,105.304516466
../../../cfd/AF-204-N.jpg,3374.86815882,453.370959894,145.133850461
../../../cfd/AF-205-N.jpg,3596.01188457,472.106510578,92.8135984662
../../../cfd/AF-206-N.jpg,3457.33438722,449.631919883,165.626876526
../../../cfd/AF-207-N.jpg,3431.2775928,513.932970665,182.395601091
../../../cfd/AF-208-N.jpg,3423.25077553,477.589080229,145.183798571
../../../cfd/AF-209-N.jpg,3595.1445764,480.685160077,92.0181262717
../../../cfd/AF-210-N.jpg,3387.39886258,484.297723869,175.419798176
../../../cfd/AF-211-N.jpg,3478.98936183,445.874586517,163.779606982
../../../cfd/AF-212-N.jpg,3416.39754565,451.54345997,138.977643516
../../../cfd/AF-213-N.jpg,3404.19457911,447.255875601,224.221293977
../../../cfd/AF-214-N.jpg,3328.03715236,489.119130099,217.22957385
../../../cfd/AF-215N.jpg,3434.26922541,420.350837871,132.371602219
../../../cfd/AF-216-N.jpg,3539.1809358,476.559232921,137.404751732
../../../cfd/AF-217-N.jpg,3314.79767867,422.476993663,96.5667473888
../../../cfd/AF-218-N.jpg,3476.69107801,449.352602973,65.5614174542
../../../cfd/AF-219-N.jpg,3557.22412707,492.293368299,94.6594114444
../../../cfd/AF-220-N.jpg,3147.72852167,453.532080929,237.68927029
../../../cfd/AF-221-N.jpg,3167.04286721,457.49179304,140.678695778
../../../cfd/AF-222-N.jpg,3235.65505074,451.593059111,192.135188365
../../../cfd/AF-223-N.jpg,3703.03894858,500.571248011,62.2643419349
../../../cfd/AF-224-N.jpg,3539.05823977,459.631985762,95.0971764499
../../../cfd/AF-225-N.jpg,3361.94195762,456.424430886,179.27717002
../../../cfd/AF-226-N.jpg,3468.43898248,444.870890201,82.7216529227
../../../cfd/AF-227-N.jpg,3344.52428614,450.311162652,67.2018938997
../../../cfd/AF-228-N.jpg,3565.50698555,431.297577526,121.138330993
../../../cfd/AF-229-N.jpg,3639.47782651,482.249336671,170.92799429
../../../cfd/AF-230-N.jpg,3405.5379242,436.162635717,169.788638402
../../../cfd/AF-231-N.jpg,3543.11472739,439.450554451,107.572356062
../../../cfd/AF-232-N.jpg,3501.08961391,511.575708786,186.765983912
../../../cfd/AF-233-N.jpg,3413.95247221,441.377057743,115.538959255
../../../cfd/AF-234-N.jpg,3487.7858146,443.596696299,91.2448687178
../../../cfd/AF-235-N.jpg,3305.96319568,469.218898221,119.824259011
../../../cfd/AF-236-N.jpg,3588.69167736,451.294795438,128.339929861
../../../cfd/AF-237-N.jpg,3511.56531374,517.6370626,108.148045091
../../../cfd/AF-238-N.jpg,3539.96566074,458.338141912,139.411455093
../../../cfd/AF-239-N.jpg,3509.8664139,484.143173613,81.8783338452
../../../cfd/AF-240-N.jpg,3675.09122689,460.793790069,105.690713307
../../../cfd/AF-241-N.jpg,3513.26306169,464.98432803,110.565021201
../../../cfd/AF-242-N.jpg,3571.26387841,458.87295357,110.181969867
../../../cfd/AF-243-N.jpg,3583.58195278,505.752485845,171.76305528
../../../cfd/AF-244-N.jpg,3614.0055405,533.498495248,99.7889935983
../../../cfd/AF-245-N.jpg,3541.58101445,489.367520538,59.7159356038
../../../cfd/AF-246-N.jpg,3519.67273537,476.195592075,94.089701436
../../../cfd/AF-247-N.jpg,3483.62546495,476.720691249,63.0983564616
../../../cfd/AF-248-N.jpg,3438.55834323,495.53712893,94.2615538171
../../../cfd/AF-249-N.jpg,3284.9937333,423.600495273,185.864202864
../../../cfd/AF-250-N.jpg,3409.14558357,456.750606608,112.785448602
../../../cfd/AF-251-N.jpg,3597.55770798,532.954363789,112.655234749
../../../cfd/AF-252-N.jpg,3594.11574746,539.484031485,86.2405163404
../../../cfd/AF-253-N.jpg,3408.94625329,466.604701679,129.298796633
../../../cfd/AF-254-N.jpg,3413.26332554,465.833366188,133.403730279
../../../cfd/AF-255-N.jpg,3701.72829863,490.739536076,131.877774382
../../../cfd/AF-256-N.jpg,3399.49045741,468.348159238,198.700493504
../../../cfd/AM-201-N.jpg,3705.68403001,494.993889196,161.769081938
../../../cfd/AM-202-N.jpg,3669.30896829,484.913642961,199.17576234
../../../cfd/AM-203-N.jpg,3632.56957165,474.321765493,93.60759035
../../../cfd/AM-204-N.jpg,3422.59767409,476.338629495,100.698721188
../../../cfd/AM-205-N.jpg,3667.14478698,501.179476166,122.453656574
../../../cfd/AM-206-N.jpg,3443.60284006,465.269049849,147.580406193
../../../cfd/AM-207-N.jpg,3483.58907319,472.116741429,124.397651017
../../../cfd/AM-208-N.jpg,3779.27585506,493.170520997,151.541944574
../../../cfd/AM-209-N.jpg,3432.60084726,463.226646644,95.3639047565
../../../cfd/AM-210-N.jpg,3548.46051374,472.87139118,131.43951685
../../../cfd/AM-211-N.jpg,3558.91522492,496.118415527,131.569260789
../../../cfd/AM-212-N.jpg,3492.83272168,519.438204722,171.271709241
../../../cfd/AM-213-N.jpg,3517.77266538,495.351989592,165.78930083
../../../cfd/AM-214-N.jpg,3219.23489208,460.438973555,150.484147262
../../../cfd/AM-215-N.jpg,3357.35527996,434.716327614,120.866894836
../../../cfd/AM-216-N.jpg,3417.9952043,453.4270501,123.420652813
../../../cfd/AM-217-N.jpg,3808.50448459,478.022657303,160.222147613
../../../cfd/AM-218-N.jpg,3567.4901423,455.810594166,76.8621762614
../../../cfd/AM-219-N.jpg,3783.74158328,478.670499408,196.725941733
../../../cfd/AM-220-N.jpg,3503.61510029,486.35269941,91.1699192363
../../../cfd/AM-221-N.jpg,3308.84957573,426.10635634,164.214004145
../../../cfd/AM-223-N.jpg,3584.12330289,439.643031503,133.206377756
../../../cfd/AM-224-N.jpg,3334.95893649,499.625401196,312.589257721
../../../cfd/AM-225-N.jpg,3504.22951235,477.899567703,51.5890419303
../../../cfd/AM-226-N.jpg,3564.51183334,484.475770385,203.562601627
../../../cfd/AM-227-N.jpg,3513.75727956,485.868920573,133.888531251
../../../cfd/AM-228-N.jpg,3496.78978056,424.419845608,78.462353095
../../../cfd/AM-229-N.jpg,3608.86133514,475.890563188,167.392071611
../../../cfd/AM-230-N.jpg,3231.84513993,455.207173461,169.27005363
../../../cfd/AM-231-N.jpg,3661.05859916,528.308606219,117.597461742
../../../cfd/AM-232-N.jpg,3606.19497468,484.487680448,80.3507893559
../../../cfd/AM-233-N.jpg,3742.45895968,565.520839468,125.641317096
../../../cfd/AM-234-N.jpg,3471.12868171,498.285702763,74.5861214919
../../../cfd/AM-235-N.jpg,3293.59287012,492.233380707,202.25493217
../../../cfd/AM-236-N.jpg,3630.58864327,513.679160677,125.443953254
../../../cfd/AM-237-N.jpg,3477.5538662,467.485867942,147.763416003
../../../cfd/AM-238-N.jpg,3601.15397409,467.187465439,95.2200723072
../../../cfd/AM-239-N.jpg,3855.02796869,510.265123258,267.867301078
../../../cfd/AM-240-N.jpg,3316.40908547,471.460808014,224.958423924
../../../cfd/AM-241-N.jpg,3484.68595206,438.947344347,143.889963407
../../../cfd/AM-242-N.jpg,3621.38188575,490.972821043,120.562766461
../../../cfd/AM-243-N.jpg,3638.43774181,441.971416648,138.831114285
../../../cfd/AM-244-N.jpg,3499.0418903,476.573873822,130.690908309
../../../cfd/AM-245-N.jpg,3518.19718726,497.977760039,87.6605897387
../../../cfd/AM-246-N.jpg,3397.88774934,451.410428465,106.86810749
../../../cfd/AM-247-N.jpg,3414.69357181,502.682774824,278.067351869
../../../cfd/AM-248-N.jpg,3525.02331011,415.92901351,157.690583543
../../../cfd/AM-249-N.jpg,3323.85749268,489.110265988,199.138641784
../../../cfd/AM-250-N.jpg,3310.99809618,457.23830781,173.537199556
../../../cfd/AM-251-N.jpg,3592.41408547,488.584173382,112.569238067
../../../cfd/AM-252-N.jpg,3345.69906704,444.22427178,140.95064378
../../../cfd/AM-253-N.jpg,3565.71129216,468.289357534,108.754154612
../../../cfd/BF-001-N.jpg,3448.59830523,486.381263237,85.2608830673
../../../cfd/BF-002-N.jpg,3399.90704518,501.793875576,227.455569034
../../../cfd/BF-003-N.jpg,3476.88322982,489.32071731,50.5879872079
../../../cfd/BF-004-N.jpg,3349.35032042,435.856473379,185.074537135
../../../cfd/BF-005-N.jpg,3424.57192728,488.559344185,179.43241308
../../../cfd/BF-006-N.jpg,3279.74352674,508.259218904,160.193649543
../../../cfd/BF-007-N.jpg,3367.58649072,481.320328213,143.015813074
../../../cfd/BF-008-N.jpg,3311.08503193,516.427514769,369.987335562
../../../cfd/BF-009-N.jpg,3209.3238808,431.270407334,375.46877941
../../../cfd/BF-010-N.jpg,3255.32790203,434.90397796,229.032688214
../../../cfd/BF-011-N.jpg,3394.08257018,459.886363814,227.234092838
../../../cfd/BF-012-N.jpg,3343.29763314,464.799113744,180.649401898
../../../cfd/BF-013-N.jpg,3251.50260122,498.236002273,239.173832185
../../../cfd/BF-014-N.jpg,3289.97824684,478.285778818,143.236567915
../../../cfd/BF-015-N.jpg,3082.82201544,407.030213966,451.634573767
../../../cfd/BF-016-N.jpg,3671.76672551,587.289175156,135.429197801
../../../cfd/BF-017-N.jpg,3596.81658071,484.118781742,104.545241321
../../../cfd/BF-018-N.jpg,3593.05394319,515.729072083,119.252521991
../../../cfd/BF-019-N.jpg,3399.94389352,502.792772545,92.6362207304
../../../cfd/BF-020-N.jpg,3470.07354173,525.126653266,161.45948348
../../../cfd/BF-021-N.jpg,3321.46897166,478.045972909,122.486683012
../../../cfd/BF-023-N.jpg,3367.46662888,438.016638644,137.555537825
../../../cfd/BF-024-N.jpg,3342.32179053,487.526364044,177.417815749
../../../cfd/BF-025-N.jpg,3188.83292544,401.938620834,250.978034551
../../../cfd/BF-027-N.jpg,3219.11036095,434.706222131,268.903090423
../../../cfd/BF-028-N.jpg,3402.59647417,476.9989704,79.0589998698
../../../cfd/BF-029-N.jpg,3629.48815747,486.148132856,154.309422568
../../../cfd/BF-030-N.jpg,3274.89229114,512.461763349,244.74375904
../../../cfd/BF-031-N.jpg,3411.68675841,459.676255475,207.423597953
../../../cfd/BF-032-N.jpg,3451.98498476,543.032187379,142.372763491
../../../cfd/BF-033-N.jpg,3382.6101538,490.627614605,161.256206737
../../../cfd/BF-034-N.jpg,3441.26128544,490.756911512,122.943369192
../../../cfd/BF-035-N.jpg,3280.14025804,447.118062554,219.566228724
../../../cfd/BF-036-N.jpg,3088.36748388,426.830386132,342.077626925
../../../cfd/BF-037-N.jpg,3153.14449237,415.74840286,481.775494986
../../../cfd/BF-038-N.jpg,3325.01482396,473.427820793,142.022196595
../../../cfd/BF-039-N.jpg,3262.14620222,491.488408617,279.470316514
../../../cfd/BF-040-N.jpg,3287.55288036,439.132830444,208.926259644
../../../cfd/BF-041-N.jpg,3133.23398732,412.77929407,222.118573347
../../../cfd/BF-042-N.jpg,3309.33137968,460.502914976,89.3421598634
../../../cfd/BF-043-N.jpg,3411.20254003,498.516869147,135.891082726
../../../cfd/BF-044-N.jpg,3378.19351491,485.613518511,135.532124045
../../../cfd/BF-045-N.jpg,3248.59991687,440.184520117,300.78022153
../../../cfd/BF-047-N.jpg,3575.05081302,524.466569101,135.278504013
../../../cfd/BF-048-N.jpg,3206.3168401,448.048938555,276.726073147
../../../cfd/BF-049-N.jpg,3356.58420584,484.656397289,163.292642293
../../../cfd/BF-050-N.jpg,3269.40931836,481.215766946,292.018033002
../../../cfd/BF-051-N.jpg,3249.06069968,450.751270234,178.20919117
../../../cfd/BF-200-N.jpg,3398.42644202,491.521431097,112.763438457
../../../cfd/BF-201-N.jpg,3631.08155718,538.321644893,107.148290655
../../../cfd/BF-202-N.jpg,3873.00503396,535.606021502,176.426943845
../../../cfd/BF-203-N.jpg,3474.09808858,447.469771081,113.135341643
../../../cfd/BF-204-N.jpg,3512.33248355,478.195349058,145.165538829
../../../cfd/BF-205-N.jpg,3287.66175794,486.571897225,157.147034502
../../../cfd/BF-206-N.jpg,3085.59194118,472.249537362,213.768168234
../../../cfd/BF-207-N.jpg,3263.63499156,421.088180915,111.08094051
../../../cfd/BF-208-N.jpg,3549.13905231,464.931622204,117.527313985
../../../cfd/BF-209-N.jpg,3528.19163421,482.661769766,133.66120453
../../../cfd/BF-210-N.jpg,3372.10734537,458.312543756,207.50024687
../../../cfd/BF-211-N.jpg,3446.59665545,507.689444125,135.807570426
../../../cfd/BF-212-N.jpg,3604.73782702,540.247327517,238.493066167
../../../cfd/BF-213-N.jpg,3509.18803175,429.698945417,61.448177688
../../../cfd/BF-214-N.jpg,3388.17737285,500.835651749,184.360679117
../../../cfd/BF-215-N.jpg,3635.15741718,483.792245572,285.257803194
../../../cfd/BF-216-N.jpg,3418.58847599,495.815366384,166.80612637
../../../cfd/BF-217-N.jpg,3400.63062336,494.255952793,117.532077262
../../../cfd/BF-218-N.jpg,3600.55383308,530.110163446,216.935037494
../../../cfd/BF-219-N.jpg,3438.21181212,439.174136656,112.007180818
../../../cfd/BF-220-N.jpg,3505.46170775,481.136289167,146.402170609
../../../cfd/BF-221-N.jpg,3478.82100047,479.727029887,147.829775218
../../../cfd/BF-222-N.jpg,3347.70227546,469.311377852,196.538167713
../../../cfd/BF-223-N.jpg,3709.13936742,541.848824868,72.5355821879
../../../cfd/BF-224-N.jpg,3205.18464915,497.337493135,277.626928857
../../../cfd/BF-225-N.jpg,3622.55368258,486.768721116,149.420256176
../../../cfd/BF-226-N.jpg,3481.90997071,473.809525141,86.7439888582
../../../cfd/BF-227-N.jpg,3591.05228975,525.483448812,103.966051726
../../../cfd/BF-228-N.jpg,3762.12370129,561.772973981,200.073230736
../../../cfd/BF-229-N.jpg,3550.95787091,477.058161136,122.801221333
../../../cfd/BF-230-N.jpg,3749.21556221,530.79028474,215.883546086
../../../cfd/BF-231-N.jpg,3431.40173952,475.121671933,124.310256363
../../../cfd/BF-232-N.jpg,3413.89102819,488.290417001,120.105287873
../../../cfd/BF-233-N.jpg,3567.83144793,486.001258359,180.556813522
../../../cfd/BF-234-N.jpg,3560.97507472,510.55268197,131.340659297
../../../cfd/BF-235-N.jpg,3452.87045658,456.040497167,157.698570543
../../../cfd/BF-236-N.jpg,3590.68784842,495.072928423,149.367856121
../../../cfd/BF-237-N.jpg,3377.8618541,444.066859707,208.69897861
../../../cfd/BF-238-N.jpg,3399.76692557,431.902678673,257.44468656
../../../cfd/BF-239-N.jpg,3584.82426831,499.016686719,206.954702061
../../../cfd/BF-240-N.jpg,3541.55791815,497.190352791,143.009464103
../../../cfd/BF-241-N.jpg,3377.83231023,453.566882057,63.2053953059
../../../cfd/BF-242-N.jpg,3411.59364126,513.549406252,230.359604922
../../../cfd/BF-243-N.jpg,3695.30267291,501.423049452,127.336307937
../../../cfd/BF-244-N.jpg,3678.67516149,447.728304632,140.745887851
../../../cfd/BF-245-N.jpg,3640.32066371,525.80356653,81.6836030859
../../../cfd/BF-246-N.jpg,3523.7399431,542.480784038,182.91180106
../../../cfd/BF-247-N.jpg,3467.32202459,453.083621503,68.4785580562
../../../cfd/BF-248-N.jpg,3316.2570023,444.920332743,226.081250084
../../../cfd/BF-249-N.jpg,3580.16300657,446.242515744,159.159342381
../../../cfd/BF-250-N.jpg,3815.89569195,488.738953172,232.261188601
../../../cfd/BF-251-N.jpg,3409.72922963,478.462773285,152.867433212
../../../cfd/BF-252-N.jpg,3355.06145172,466.904950648,125.326102565
../../../cfd/BF-253-N.jpg,3338.34603423,485.54304922,152.12582059
../../../cfd/BF-254-N.jpg,3655.04404285,461.220756812,185.123699439
../../../cfd/BF-255-N.jpg,3569.6575259,493.474576548,87.7980726967
../../../cfd/BM-001-N.jpg,3653.83662658,492.911444409,101.028822057
../../../cfd/BM-002-N.jpg,3527.56850992,464.009752739,291.380129432
../../../cfd/BM-003-N.jpg,3620.85567731,457.565853806,127.069334954
../../../cfd/BM-004-N.jpg,3250.59148608,461.373333465,287.691124931
../../../cfd/BM-005-N.jpg,3563.75152227,461.871211238,93.415991525
../../../cfd/BM-009-N.jpg,3455.45692073,473.936863304,114.69302871
../../../cfd/BM-010-N.jpg,3481.97080041,466.033900619,100.771810572
../../../cfd/BM-011-N.jpg,3502.86947578,522.222301871,124.73880045
../../../cfd/BM-012-N.jpg,3674.457887,498.632488107,128.064017727
../../../cfd/BM-013-N.jpg,3693.89093517,491.160331745,82.0920042593
../../../cfd/BM-015-N.jpg,3924.9594694,544.546288277,267.199747029
../../../cfd/BM-016-N.jpg,3485.4044153,465.520308853,155.462619052
../../../cfd/BM-017-N.jpg,3750.83041179,572.58776391,274.08316547
../../../cfd/BM-018-N.jpg,3741.33113787,456.674217716,115.396636497
../../../cfd/BM-019-N.jpg,3440.4998461,441.815263149,250.075595297
../../../cfd/BM-020-N.jpg,3606.39111853,488.860475664,147.118655076
../../../cfd/BM-021-N.jpg,3539.83069023,464.567763363,119.996760187
../../../cfd/BM-022-N.jpg,3643.91271068,457.490038929,156.74449526
../../../cfd/BM-023-N.jpg,3616.14213621,480.10981266,257.452523488
../../../cfd/BM-024-N.jpg,3694.39312806,480.714352317,161.228508465
../../../cfd/BM-025-N.jpg,3586.0912433,483.88760356,167.954699711
../../../cfd/BM-026-N.jpg,3794.440253,468.688892578,258.74310676
../../../cfd/BM-027-N.jpg,3195.28828658,434.685544696,294.83217728
../../../cfd/BM-028-N.jpg,3357.75932674,467.999995646,151.183045912
../../../cfd/BM-029-N.jpg,3627.86181667,485.086183208,128.645881681
../../../cfd/BM-030-N.jpg,3474.55456211,456.009486118,125.288910243
../../../cfd/BM-031-N.jpg,3774.01764223,509.807818179,189.28841931
../../../cfd/BM-032-N.jpg,3407.67743972,463.612023438,239.627765824
../../../cfd/BM-033-N.jpg,3388.21523462,442.621889267,155.633134811
../../../cfd/BM-034-N.jpg,3550.04928824,505.318975463,194.909095884
../../../cfd/BM-036-N.jpg,3588.06921118,498.351907273,159.771458466
../../../cfd/BM-037-N.jpg,3653.47217638,471.143021878,194.16751092
../../../cfd/BM-038-N.jpg,3504.19694634,500.757840123,179.504744428
../../../cfd/BM-039-N.jpg,3471.11895178,467.533560838,199.946513351
../../../cfd/BM-040-N.jpg,3682.42383433,509.466075573,95.6367857917
../../../cfd/BM-041-N.jpg,3661.56604941,498.13901058,149.213660228
../../../cfd/BM-043-N.jpg,3732.14306661,487.468901782,246.927237264
../../../cfd/BM-044-N.jpg,3360.06901506,472.362292281,121.121977953
../../../cfd/BM-045-N.jpg,3605.43683847,492.042439081,196.175249216
../../../cfd/BM-046-N.jpg,3309.15422244,413.054882435,146.568694491
../../../cfd/BM-200-N.jpg,3607.96960049,500.512129812,249.452611062
../../../cfd/BM-201-N.jpg,3491.70601025,491.402648448,153.124085908
../../../cfd/BM-202-N.jpg,3434.79676187,479.221893251,160.448780873
../../../cfd/BM-203-N.jpg,3600.94067304,470.050833674,148.545745515
../../../cfd/BM-204-N.jpg,3688.25357119,483.741323782,176.987609814
../../../cfd/BM-205-N.jpg,3631.24152746,524.161711535,286.092893679
../../../cfd/BM-206-N.jpg,3724.82027006,504.390764614,129.415224897
../../../cfd/BM-207-N.jpg,3661.26281237,497.340223754,186.911393486
../../../cfd/BM-208-N.jpg,3867.41431504,535.855204202,193.280744452
../../../cfd/BM-209-N.jpg,3671.981859,479.908741922,157.163303346
../../../cfd/BM-210-N.jpg,3745.41627336,495.102275602,280.567468256
../../../cfd/BM-211-N.jpg,3447.22609464,467.983075158,136.744054514
../../../cfd/BM-212-N.jpg,3753.09371634,467.543106232,284.634916256
../../../cfd/BM-213-N.jpg,3301.68402964,488.241328701,194.254152625
../../../cfd/BM-214-N.jpg,3545.20410885,470.624317725,132.248699543
../../../cfd/BM-215-N.jpg,3503.05777107,473.440876046,198.765918419
../../../cfd/BM-216-N.jpg,3483.65239419,506.021012519,186.234449954
../../../cfd/BM-217-N.jpg,3579.88079032,497.467857055,156.084304855
../../../cfd/BM-218-N.jpg,3939.53051092,526.644882205,265.915893929
../../../cfd/BM-219-N.jpg,3545.96347731,472.634424991,113.205972869
../../../cfd/BM-221-N.jpg,3742.63557251,463.129140283,179.925765024
../../../cfd/BM-222-N.jpg,3428.56997206,483.813298996,107.85797053
../../../cfd/BM-223-N.jpg,3639.32770331,505.02426359,242.351044926
../../../cfd/BM-224-N.jpg,3418.00750479,494.626378891,105.350987734
../../../cfd/BM-225-N.jpg,3657.18974864,522.473921708,179.873676795
../../../cfd/BM-226-N.jpg,4013.95146341,523.476829361,266.627882961
../../../cfd/BM-227-N.jpg,3995.4913833,538.146586934,364.558453553
../../../cfd/BM-228-N.jpg,3519.05320258,487.50054699,116.006804605
../../../cfd/BM-229-N.jpg,3695.11779195,524.311248913,228.654486105
../../../cfd/BM-230-N.jpg,3481.03689891,472.615860291,70.8843725097
../../../cfd/BM-231-N.jpg,3642.62268417,479.758498289,147.182894246
../../../cfd/BM-232-N.jpg,3544.07812354,455.725626526,118.707140506
../../../cfd/BM-233-N.jpg,3800.0773071,484.560210518,298.90405049
../../../cfd/BM-234-N.jpg,3524.29137631,507.097881268,122.937154933
../../../cfd/BM-235-N.jpg,3761.05257805,491.572295042,173.454936119
../../../cfd/BM-236-N.jpg,3605.71578459,498.908029781,224.766150196
../../../cfd/BM-237-N.jpg,3580.76350125,475.673531786,169.101220766
../../../cfd/BM-238-N.jpg,3305.18041095,451.717849076,202.164169281
../../../cfd/BM-239-N.jpg,3857.33725688,499.570961186,252.92336955
../../../cfd/BM-240-N.jpg,3522.07328619,471.588045818,142.995639483
../../../cfd/BM-241-N.jpg,3484.44385351,505.678524978,158.35953828
../../../cfd/BM-242-N.jpg,3605.3995851,481.680701142,166.417950713
../../../cfd/BM-243-N.jpg,3576.28638058,536.795939949,219.06518885
../../../cfd/BM-244-N.jpg,3541.54693919,525.260714526,184.746479997
../../../cfd/BM-245-N.jpg,3715.97857166,477.490167583,231.910265082
../../../cfd/BM-246-N.jpg,3540.78092661,501.585831542,199.406312389
../../../cfd/BM-247-N.jpg,3812.105335,509.778905007,224.578295773
../../../cfd/BM-248-N.jpg,3618.72752601,455.456912645,153.736664122
../../../cfd/BM-249-N.jpg,3581.50983079,479.086783369,158.224494083
../../../cfd/BM-250-N.jpg,3568.81982231,472.681511167,173.032412779
../../../cfd/BM-251-N.jpg,3438.80198399,492.258321955,153.335964312
../../../cfd/BM-252-N.jpg,3598.54633992,488.858556316,176.497220322
../../../cfd/BM-253-N.jpg,3780.44075547,498.949079953,213.276880314
../../../cfd/LF-200-N.jpg,3700.49192785,472.664217458,96.389765919
../../../cfd/LF-201-N.jpg,3377.44486937,483.067504028,137.545216881
../../../cfd/LF-202-N.jpg,3441.56361141,530.513855808,197.151548156
../../../cfd/LF-203-N.jpg,3517.78526814,480.519616547,57.5132041465
../../../cfd/LF-204-N.jpg,3557.37898969,489.218857071,128.946774595
../../../cfd/LF-205-N.jpg,3322.33856986,448.461857847,164.884891616
../../../cfd/LF-206-N.jpg,3510.02465194,430.480141025,105.493578832
../../../cfd/LF-207-N.jpg,3470.166045,516.473136731,43.2049833689
../../../cfd/LF-208-N.jpg,3314.75941627,491.333543569,148.425738498
../../../cfd/LF-209-N.jpg,3325.04528432,475.911297171,141.175642707
../../../cfd/LF-210-N.jpg,3544.67676391,485.70072388,63.4182334334
../../../cfd/LF-211-N.jpg,3284.23383925,405.542303982,143.470158149
../../../cfd/LF-212-N.jpg,3563.73120805,489.743601185,91.5855261347
../../../cfd/LF-213-N.jpg,3518.89666526,455.168089443,95.6152543303
../../../cfd/LF-214-N.jpg,3455.77660003,457.003509776,50.4773867303
../../../cfd/LF-215-N.jpg,3334.45493269,462.032683248,103.251974641
../../../cfd/LF-216-N.jpg,3114.19233948,436.584035923,252.802815661
../../../cfd/LF-217-N.jpg,3349.01780009,472.136297212,90.0954993905
../../../cfd/LF-218-N.jpg,3587.75840446,452.715028294,69.0570578955
../../../cfd/LF-219-N.jpg,3473.1707378,493.145547826,116.538040389
../../../cfd/LF-220-N.jpg,3167.2505639,487.049913713,261.53675755
../../../cfd/LF-221-N.jpg,3495.01966347,493.23967199,83.6088123518
../../../cfd/LF-222-N.jpg,3565.663229,451.936617947,75.3244848381
../../../cfd/LF-223-N.jpg,3346.95471733,442.380640198,105.124725558
../../../cfd/LF-224-N.jpg,3318.50703458,432.578297693,158.135810073
../../../cfd/LF-225-N.jpg,3408.64858917,442.943512876,109.513312979
../../../cfd/LF-226-N.jpg,3567.29088335,490.345625166,110.311611799
../../../cfd/LF-227-N.jpg,3244.20427157,442.13063292,131.422153942
../../../cfd/LF-228-N.jpg,3373.95487181,458.802092658,97.6541955041
../../../cfd/LF-229-N.jpg,3460.53522289,446.12534539,129.213082584
../../../cfd/LF-230-N.jpg,3167.99861488,440.890722858,146.011084308
../../../cfd/LF-231-N.jpg,3572.99809666,463.61210297,62.7570093028
../../../cfd/LF-232-N.jpg,3381.56249172,469.212726088,108.693464254
../../../cfd/LF-233-N.jpg,3588.64846958,465.389381294,146.730007763
../../../cfd/LF-234-N.jpg,3501.99076049,464.466962478,107.08843478
../../../cfd/LF-235-N.jpg,3134.35787862,393.178809522,162.282774242
../../../cfd/LF-236-N.jpg,3329.63898823,464.441988654,148.03579381
../../../cfd/LF-237-N.jpg,3395.00703146,467.695983848,88.049680236
../../../cfd/LF-238-N.jpg,3286.48269223,496.240378439,203.760345814
../../../cfd/LF-239-N.jpg,3439.54715199,506.442538597,133.256421689
../../../cfd/LF-240-N.jpg,3551.98490224,480.795499594,107.946369509
../../../cfd/LF-241-N.jpg,3658.41181597,469.146167455,139.766513157
../../../cfd/LF-242-N.jpg,3379.43021711,477.116572097,142.677314011
../../../cfd/LF-243-N.jpg,3313.26402703,451.236716805,145.704456386
../../../cfd/LF-244-N.jpg,3531.64612412,499.291006709,60.6477346616
../../../cfd/LF-245-N.jpg,3445.51971461,461.66636945,97.4949803499
../../../cfd/LF-246-N.jpg,3482.60931141,472.23232729,183.313116464
../../../cfd/LF-247-N.jpg,3365.1721164,470.194596036,68.9133109749
../../../cfd/LF-248-N.jpg,3494.67146666,487.281982679,163.611097837
../../../cfd/LF-249-N.jpg,3500.65512975,478.639177431,68.2041166845
../../../cfd/LF-250-N.jpg,3626.27961493,490.419721186,63.372400459
../../../cfd/LF-251-N.jpg,3523.6035699,448.615062194,75.7332851765
../../../cfd/LF-252-N.jpg,3828.6907731,553.485554323,163.051680629
../../../cfd/LF-253-N.jpg,3342.9686749,453.869989978,171.74613591
../../../cfd/LF-254-N.jpg,3407.45561376,468.579559323,98.9976915033
../../../cfd/LF-255-N.jpg,3503.83430557,470.143407834,88.3052114842
../../../cfd/LM-200-N.jpg,3322.926416,466.681948116,157.827893911
../../../cfd/LM-201-N.jpg,3739.0300729,520.937653353,169.656195591
../../../cfd/LM-202-N.jpg,3707.9138234,517.265999964,132.803183289
../../../cfd/LM-203-N.jpg,3807.60798371,546.74333446,123.563851341
../../../cfd/LM-204-N.jpg,3665.62846474,513.958422608,92.7148724119
../../../cfd/LM-206-N.jpg,3424.99341553,455.941055405,90.1942783858
../../../cfd/LM-207-N.jpg,3630.76639474,442.765833226,100.294678865
../../../cfd/LM-208-N.jpg,3573.85819897,445.4917324,177.890309246
../../../cfd/LM-209-N.jpg,3743.77019936,556.375941808,170.617994473
../../../cfd/LM-210-N.jpg,3763.31433323,517.597001647,192.492326586
../../../cfd/LM-211-N.jpg,3447.58103735,484.456127218,173.519208421
../../../cfd/LM-212-N.jpg,3550.93171176,466.272709592,34.4681427154
../../../cfd/LM-213-N.jpg,3418.70516971,494.400642188,145.831242728
../../../cfd/LM-214-N.jpg,3364.79415817,465.984795644,196.591485288
../../../cfd/LM-215-N.jpg,3615.66013331,482.546133761,114.674187498
../../../cfd/LM-216-N.jpg,3426.51097516,448.393130594,62.7537969877
../../../cfd/LM-217-N.jpg,3598.58641173,505.707536126,102.654570722
../../../cfd/LM-218-N.jpg,3464.83402793,468.429286359,107.820343387
../../../cfd/LM-219-N.jpg,3508.40605161,498.246101845,177.561560376
../../../cfd/LM-220-N.jpg,3579.61800771,484.747384652,86.7686215352
../../../cfd/LM-221-N.jpg,3638.22749543,474.615302153,110.770117983
../../../cfd/LM-222-N.jpg,3572.35585176,470.291450868,71.8488748468
../../../cfd/LM-223-N.jpg,3618.26845174,496.994705372,137.462471472
../../../cfd/LM-224-N.jpg,3592.38275874,501.932205615,171.975665086
../../../cfd/LM-225-N.jpg,3320.12749824,465.054787236,107.525223134
../../../cfd/LM-226-N.jpg,3800.35642828,484.566458883,111.465671985
../../../cfd/LM-227-N.jpg,3417.14952479,457.851366975,74.2035103651
../../../cfd/LM-228-N.jpg,3646.14093761,516.875728785,173.948938683
../../../cfd/LM-229-N.jpg,3468.79862036,477.114202429,104.046235577
../../../cfd/LM-230-N.jpg,3771.55575005,528.62950914,148.447126038
../../../cfd/LM-231-N.jpg,3621.22260226,447.069017492,74.2441652976
../../../cfd/LM-232-N.jpg,3505.2064367,480.878893261,104.141147624
../../../cfd/LM-233-N.jpg,3685.18379505,458.811587881,198.054831766
../../../cfd/LM-234-N.jpg,3608.3582233,464.594318298,175.905470832
../../../cfd/LM-235-N.jpg,3336.53278678,446.284051796,79.4379999412
../../../cfd/LM-236-N.jpg,3476.67929672,487.709372918,100.342365924
../../../cfd/LM-237-N.jpg,3760.19325372,530.84553613,98.8794560894
../../../cfd/LM-238-N.jpg,3655.48779861,479.085352529,133.225342853
../../../cfd/LM-239-N.jpg,3341.16614534,529.864387471,132.364929286
../../../cfd/LM-240-N.jpg,3436.02431439,575.607285933,276.34849932
../../../cfd/LM-241-N.jpg,3522.40020239,471.374919685,63.8506905124
../../../cfd/LM-242-N.jpg,3472.09262248,456.828926669,81.2923183843
../../../cfd/LM-243-N.jpg,3437.32171905,460.406347275,118.17674851
../../../cfd/LM-244-N.jpg,3530.82175324,504.766606662,117.32812679
../../../cfd/LM-246-N.jpg,3494.249302,534.217952526,133.674371893
../../../cfd/LM-247-N.jpg,3625.44534331,483.359889961,138.599579441
../../../cfd/LM-248-N.jpg,3603.22107654,488.443045947,128.80804777
../../../cfd/LM-249-N.jpg,3428.99948704,493.190173737,67.9968141882
../../../cfd/LM-250-N.jpg,3522.3281448,484.885023791,77.3861008068
../../../cfd/LM-251-N.jpg,3520.18145736,517.078896718,99.4762655694
../../../cfd/LM-252-N.jpg,3743.76407168,534.462191181,137.444886592
../../../cfd/LM-253-N.jpg,3544.25659612,460.664045757,90.6388467416
../../../cfd/WF-001-N.jpg,3418.36541969,489.206201163,139.052865111
../../../cfd/WF-002-N.jpg,3348.63577132,527.374208433,183.608461778
../../../cfd/WF-003-N.jpg,3455.15294569,484.77616709,153.378940315
../../../cfd/WF-005-N.jpg,3505.40566058,476.418298101,115.196320795
../../../cfd/WF-006-N.jpg,3381.92662556,452.83209083,178.794502248
../../../cfd/WF-007-N.jpg,3330.01000476,517.512726047,159.152875037
../../../cfd/WF-008-N.jpg,3416.04175087,479.423244323,211.447563843
../../../cfd/WF-009-N.jpg,3483.57332293,489.871817165,79.8602823661
../../../cfd/WF-010-N.jpg,3544.97661066,482.716310611,166.479835576
../../../cfd/WF-011-N.jpg,3358.59791329,444.167270163,169.484741417
../../../cfd/WF-012-N.jpg,3380.2979225,444.314477266,129.885234886
../../../cfd/WF-013-N.jpg,3564.07756189,510.14296573,113.627120831
../../../cfd/WF-014-N.jpg,3446.18449365,465.579589167,131.575513035
../../../cfd/WF-015-N.jpg,3476.63903109,483.265804487,112.891707662
../../../cfd/WF-016-N.jpg,3486.77567079,476.758572226,117.352528405
../../../cfd/WF-017-N.jpg,3351.64087704,493.139530827,188.163703769
../../../cfd/WF-018-N.jpg,3452.8483581,453.982503514,155.752797235
../../../cfd/WF-019-N.jpg,3523.41825881,480.249608458,87.8926083345
../../../cfd/WF-020-N.jpg,3451.81499627,446.186617212,110.387129365
../../../cfd/WF-021-N.jpg,3615.4008374,518.988931502,111.263753029
../../../cfd/WF-022-N.jpg,3402.50922616,448.737564812,110.673813907
../../../cfd/WF-023-N.jpg,3378.91963794,459.954580764,143.287799192
../../../cfd/WF-024-N.jpg,3502.46811546,455.883108549,138.127500216
../../../cfd/WF-025-N.jpg,3424.43609906,480.987586621,309.871530885
../../../cfd/WF-026-N.jpg,3688.63675648,488.222362315,95.278295565
../../../cfd/WF-027-N.jpg,3557.85865901,516.859041211,55.4641858871
../../../cfd/WF-028-N.jpg,3577.61596794,478.881293239,201.135358565
../../../cfd/WF-029-N.jpg,3338.32799713,450.938172367,181.315509864
../../../cfd/WF-030-N.jpg,3382.9768323,472.669356866,203.719306167
../../../cfd/WF-031-N.jpg,3244.48161541,411.628743576,86.5097755821
../../../cfd/WF-033-N.jpg,3319.4961089,456.235760879,201.225589883
../../../cfd/WF-034-N.jpg,3505.21152189,442.834889814,242.072303079
../../../cfd/WF-035-N.jpg,3448.61871987,468.256440886,108.836294364
../../../cfd/WF-036-N.jpg,3472.77384263,459.041533067,178.205589771
../../../cfd/WF-037-N.jpg,3428.90222588,487.403222359,109.743285007
../../../cfd/WF-038-N.jpg,3542.10472813,495.500938636,122.622247827
../../../cfd/WF-039-N.jpg,3427.21768468,473.495317576,171.500868232
../../../cfd/WF-200-N.jpg,3719.36834068,480.694224589,74.7102064586
../../../cfd/WF-201-N.jpg,3618.05027778,458.55482223,117.430534643
../../../cfd/WF-202-N.jpg,3501.933762,484.236598562,87.7741460345
../../../cfd/WF-203-N.jpg,3338.1344202,474.582555837,114.780529392
../../../cfd/WF-204-N.jpg,3411.3661275,529.827678701,220.732248731
../../../cfd/WF-205-N.jpg,3635.30288819,523.428014031,159.651247473
../../../cfd/WF-206-N.jpg,3544.18150975,461.691422785,142.371157911
../../../cfd/WF-207-N.jpg,3334.90380359,464.712015362,153.743487626
../../../cfd/WF-208-N.jpg,3516.86420388,453.545957269,87.5434930734
../../../cfd/WF-209-N.jpg,3463.72714385,474.301494806,84.7025173199
../../../cfd/WF-210-N.jpg,3266.45506382,452.503951432,215.682190155
../../../cfd/WF-211-N.jpg,3440.04416947,460.004065211,104.052422919
../../../cfd/WF-212-N.jpg,3426.51124362,474.536823906,57.7844759907
../../../cfd/WF-213-N.jpg,3666.43645894,564.190765149,118.078567994
../../../cfd/WF-214-N.jpg,3739.64165022,507.561283883,185.240660219
../../../cfd/WF-215-N.jpg,3641.65913986,539.895602148,162.417279475
../../../cfd/WF-216-N.jpg,3502.11274534,496.610157915,144.294487677
../../../cfd/WF-217-N.jpg,3497.04552271,428.332197123,53.0193070922
../../../cfd/WF-218-N.jpg,3406.85972142,501.345437983,96.7843567549
../../../cfd/WF-219-N.jpg,3689.51778132,484.057097495,167.191211767
../../../cfd/WF-220-N.jpg,3484.0871648,449.156302105,87.8361408814
../../../cfd/WF-221-N.jpg,3472.17088077,463.10067105,140.948206623
../../../cfd/WF-222-N.jpg,3356.32248072,465.944337504,179.999799113
../../../cfd/WF-223-N.jpg,3208.45691923,441.799890376,179.335127781
../../../cfd/WF-224-N.jpg,3640.82536738,500.779169198,61.4015238268
../../../cfd/WF-225-N.jpg,3675.06685457,476.894944432,155.830098551
../../../cfd/WF-226-N.jpg,3363.78762885,446.701914164,97.5430272606
../../../cfd/WF-227-N.jpg,3438.53707482,495.81786618,154.968194141
../../../cfd/WF-228-N.jpg,3554.45675543,433.261017228,87.6985410932
../../../cfd/WF-229-N.jpg,3294.93422424,442.399376443,165.620619953
../../../cfd/WF-230-N.jpg,3542.70478682,481.115876332,88.5331448289
../../../cfd/WF-231-N.jpg,3671.26043343,485.39271815,180.894563
../../../cfd/WF-232-N.jpg,3477.30950334,446.840509256,59.9766098931
../../../cfd/WF-233-N.jpg,3366.38630849,432.082156412,125.893118756
../../../cfd/WF-234-N.jpg,3200.05837656,400.957190063,147.742369883
../../../cfd/WF-235-N.jpg,3478.51737278,479.236967546,71.2877484158
../../../cfd/WF-236-N.jpg,3664.40109266,483.534209719,87.4994648782
../../../cfd/WF-237-N.jpg,3597.76815263,488.343301985,88.0938072738
../../../cfd/WF-238-N.jpg,3375.36257125,463.851625488,120.289664352
../../../cfd/WF-239-N.jpg,3307.37046781,437.217964088,177.715271743
../../../cfd/WF-240-N.jpg,3653.55831382,457.708538595,133.022096384
../../../cfd/WF-241-N.jpg,3576.30250204,434.534847716,48.0645204678
../../../cfd/WF-242-N.jpg,3368.91754826,439.872130885,104.930848154
../../../cfd/WF-243-N.jpg,3567.25659465,489.215272034,123.253630811
../../../cfd/WF-244-N.jpg,3466.47235829,473.370185979,214.138132234
../../../cfd/WF-245-N.jpg,3714.05695278,499.041299751,98.6774364602
../../../cfd/WF-246-N.jpg,3514.21820741,466.513073107,77.5105802538
../../../cfd/WF-247-N.jpg,3419.78666543,425.376962694,82.7724189128
../../../cfd/WF-248-N.jpg,3340.24080773,500.465597123,222.53299236
../../../cfd/WF-249-N.jpg,3181.07670658,429.181786182,211.907729022
../../../cfd/WF-250-N.jpg,3156.75623936,447.762259537,332.375488726
../../../cfd/WF-251-N.jpg,3477.24848463,469.382427918,96.2255433531
../../../cfd/WF-252-N.jpg,3394.36701268,495.581062435,73.7332808001
../../../cfd/WM-001-N.jpg,3487.15423112,442.869029843,210.774459167
../../../cfd/WM-002-N.jpg,3521.29417125,469.833838904,133.888586574
../../../cfd/WM-003-N.jpg,3906.54509723,553.281750996,198.713438295
../../../cfd/WM-004-N.jpg,3721.53709169,505.074927814,56.0937668548
../../../cfd/WM-006-N.jpg,3470.47237898,449.416180882,69.7794355264
../../../cfd/WM-009-N.jpg,3714.37931834,479.683669863,174.417309338
../../../cfd/WM-010-N.jpg,3523.31700658,445.38001585,162.197559819
../../../cfd/WM-011-N.jpg,3676.79230873,468.34523506,150.947952477
../../../cfd/WM-012-N.jpg,3344.42738185,441.559356728,186.432295432
../../../cfd/WM-013-N.jpg,3560.1993533,517.520843526,88.0644694772
../../../cfd/WM-014-N.jpg,3539.90796472,460.452489403,85.7476030389
../../../cfd/WM-015-N.jpg,3665.40693083,473.115304075,92.3718153577
../../../cfd/WM-016-N.jpg,3643.27562874,484.981551123,79.715212475
../../../cfd/WM-017-N.jpg,3551.45044187,491.577426284,285.673050585
../../../cfd/WM-018-N.jpg,3726.48719299,497.50450541,137.438046895
../../../cfd/WM-019-N.jpg,3351.83745053,458.675027193,171.561497696
../../../cfd/WM-020-N.jpg,3613.57409207,500.255506216,124.194608954
../../../cfd/WM-021-N.jpg,3679.71783854,514.597438409,172.868550011
../../../cfd/WM-022-N.jpg,3493.99412056,470.644280415,75.9459463415
../../../cfd/WM-023-N.jpg,3772.37727667,560.492345025,140.296756062
../../../cfd/WM-024-N.jpg,3374.66900362,470.926596621,116.688628432
../../../cfd/WM-025-N.jpg,3577.89500704,461.137195028,174.452458356
../../../cfd/WM-026-N.jpg,3715.6586662,485.915376781,136.259724333
../../../cfd/WM-028-N.jpg,3498.66658425,449.49213692,54.6608313554
../../../cfd/WM-029-N.jpg,3493.23060737,467.875827345,144.950765541
../../../cfd/WM-031-N.jpg,3637.96134548,508.941922952,144.486248884
../../../cfd/WM-032-N.jpg,3459.45073351,497.364103341,177.087778754
../../../cfd/WM-033-N.jpg,3600.03697115,462.485823418,135.864105815
../../../cfd/WM-034-N.jpg,3645.64740006,485.446703167,183.360348255
../../../cfd/WM-035-N.jpg,3588.11276082,456.706925743,125.142523885
../../../cfd/WM-036-N.jpg,3804.75330602,480.292822122,172.966730489
../../../cfd/WM-037-N.jpg,3504.05754111,467.030672567,119.426503827
../../../cfd/WM-038-N.jpg,3405.85638693,469.021885016,136.355687242
../../../cfd/WM-039-N.jpg,3560.24840928,451.443850194,226.108995959
../../../cfd/WM-040-N.jpg,3580.57272457,500.272763541,125.767495452
../../../cfd/WM-041-N.jpg,3433.96488936,472.109473506,145.511860304
../../../cfd/WM-200-N.jpg,3612.57133456,487.103707438,109.460607784
../../../cfd/WM-201-N.jpg,3409.98916941,468.897839576,194.393230742
../../../cfd/WM-202-N.jpg,3453.74387046,469.404989962,157.389135963
../../../cfd/WM-203-N.jpg,3665.36599225,493.758794027,134.626411077
../../../cfd/WM-204-N.jpg,3522.20535972,481.508211854,53.6635600577
../../../cfd/WM-205-N.jpg,3775.33049103,499.980001903,186.432796224
../../../cfd/WM-206-N.jpg,3627.40156353,459.941283296,150.356639593
../../../cfd/WM-207-N.jpg,3705.7794878,528.297277586,176.047447657
../../../cfd/WM-208-N.jpg,3439.65267392,497.094261576,139.001511521
../../../cfd/WM-209-N.jpg,3412.37002338,447.857889416,67.397605569
../../../cfd/WM-210-N.jpg,3426.60016193,462.550636561,166.530830093
../../../cfd/WM-211-N.jpg,3619.65851095,482.912037892,166.760033768
../../../cfd/WM-212-N.jpg,3609.88519003,477.78861539,52.237190863
../../../cfd/WM-213-N.jpg,3564.19765489,527.12966757,138.931782116
../../../cfd/WM-214-N.jpg,3551.8738919,439.715843115,127.569298228
../../../cfd/WM-215-N.jpg,3658.23335644,466.121693772,122.936372231
../../../cfd/WM-216-N.jpg,3694.5643181,465.316424055,150.953097375
../../../cfd/WM-217-N.jpg,3673.19234102,521.918556322,113.589734498
../../../cfd/WM-218-N.jpg,3346.00818446,428.706092969,329.358076544
../../../cfd/WM-219-N.jpg,3700.63291885,516.352261345,130.020665739
../../../cfd/WM-220-N.jpg,3498.80568979,461.614346411,119.884496654
../../../cfd/WM-221-N.jpg,3459.89739291,487.505416013,145.732730608
../../../cfd/WM-222-N.jpg,3629.99556613,509.109959355,165.243950998
../../../cfd/WM-223-N.jpg,3700.06366934,485.923623136,87.9169023289
../../../cfd/WM-224-N.jpg,3488.39944221,467.750349808,138.521179447
../../../cfd/WM-225-N.jpg,3593.08727478,467.068632248,110.563163906
../../../cfd/WM-227-N.jpg,3271.30571774,451.83152992,144.581412631
../../../cfd/WM-228-N.jpg,3194.62299719,458.075699589,196.676372529
../../../cfd/WM-229-N.jpg,3774.59924301,498.105051868,178.371325509
../../../cfd/WM-230-N.jpg,3410.02220341,461.536531651,90.2497195925
../../../cfd/WM-231-N.jpg,3546.9371377,488.346990307,144.414645515
../../../cfd/WM-232-N.jpg,3642.37386783,457.967956185,171.63895734
../../../cfd/WM-233-N.jpg,3468.62111793,488.02880632,60.7753370024
../../../cfd/WM-234-N.jpg,3446.72727292,476.340214895,74.6143869668
../../../cfd/WM-235-N.jpg,3442.35456579,439.765724563,69.6357471523
../../../cfd/WM-236-N.jpg,3418.95564881,462.594510311,127.16533544
../../../cfd/WM-237-N.jpg,3665.99708922,495.922492177,86.0703738076
../../../cfd/WM-238-N.jpg,3578.11966495,458.174501547,107.1105008
../../../cfd/WM-239-N.jpg,3470.3653597,483.373153858,110.121900262
../../../cfd/WM-240-N.jpg,3608.8448162,484.555104741,153.681088189
../../../cfd/WM-241-N.jpg,3597.60635982,462.123396502,114.917108908
../../../cfd/WM-242-N.jpg,3674.57060935,508.006322556,101.816978119
../../../cfd/WM-243-N.jpg,3505.03924488,490.990073902,69.1778992489
../../../cfd/WM-244-N.jpg,3616.69290456,520.624543023,219.67710371
../../../cfd/WM-245-N.jpg,3448.92727517,448.763861885,87.1100469408
../../../cfd/WM-247-N.jpg,3411.23725151,454.842379407,117.093068224
../../../cfd/WM-248-N.jpg,3777.11633087,497.046011827,137.059806806
../../../cfd/WM-249-N.jpg,3654.02708262,480.1800423,140.030977325
../../../cfd/WM-250-N.jpg,3574.74586827,487.924401793,72.560244126
../../../cfd/WM-251-N.jpg,3854.48295417,520.863585758,216.521710514
../../../cfd/WM-252-N.jpg,3830.87376327,506.52432922,303.285851176
../../../cfd/WM-253-N.jpg,3820.94251702,549.712417368,281.591755205
../../../cfd/WM-254-N.jpg,3502.55793896,476.490752678,70.7607595032
../../../cfd/WM-255-N.jpg,3557.03336778,493.879967677,120.442287545
../../../cfd/WM-256-N.jpg,3511.98541839,470.891256754,107.731989767
../../../cfd/WM-257-N.jpg,3548.60808546,507.40198035,124.609333416
../../../cfd/WM-258-N.jpg,3602.66897061,513.444410248,136.843926867
