dataset,img_num,nose_width,nose_length,lip_thickness,face_length,eye_height,eye_width,face_width_prom,face_width_mouth,forehead_length,distance_btw_pupils,dist_btw_pupils_top,dist_btw_pupils_lip,chin_length,length_cheek_to_chin,brow_to_hair,fWHR,face_shape,heartshapeness,nose_shape,lip_fullness,eye_shape,eye_size,upper_head_len,midface_len,chin_size,forehead_height,cheek_height,cheek_prominence,face_roundness
mit,0.0,39.0128184063,69.0,21.5249378106,269.007434841,14.2587719273,37.0674667166,204.022057631,165.027270474,94.0850678907,92.5121613627,98.0624800829,95.5628890768,62.0080639917,141.895388601,70.5868259663,1.75124616841,0.758425348917,1.23629298991,0.565403165308,0.0800161446216,0.384670795994,0.0530051220916,0.349748950047,0.355242557266,0.230506878103,0.262397305145,0.527477572076,0.144958027574,0.613467321344
mit,1.0,38.0525951809,75.0599760192,30.0,279.016128566,14.7928553785,41.1579730825,202.299283241,162.249807396,108.166538264,96.0468635615,112.372705761,98.5355254122,46.1735855225,146.527022093,77.7721029676,1.58518685462,0.725045122951,1.24683835678,0.506962527821,0.107520666114,0.359416518127,0.053017922134,0.387671274846,0.353153510941,0.165487155742,0.278736943872,0.525156100639,0.143538210681,0.58150691227
mit,2.0,37.0135110466,77.0064932327,24.0356688476,280.0,13.152946438,35.850451375,201.009950002,170.026468528,107.0,85.5,107.002628472,100.953471815,50.0099990002,151.303690728,78.0,1.58270644859,0.71789267858,1.18222740108,0.480654416177,0.0858416744558,0.366883705323,0.046974808707,0.382142857143,0.360548113625,0.178607139286,0.278571428571,0.540370324029,0.110655290981,0.607237387599
mit,3.0,40.0124980475,76.0065786626,31.0192024052,292.083892058,14.5386898686,41.1579730825,212.115534556,174.045970939,121.004132161,95.0841732361,122.756364397,95.4168016743,47.1699056603,150.878268436,85.5014619758,1.65039223623,0.726214421005,1.21873280612,0.526434668571,0.106199633902,0.353241153043,0.0497757331501,0.414278689962,0.326676014216,0.161494375222,0.292729124408,0.516557990832,0.130337771621,0.595876649384
mit,4.0,35.0142828,75.0066663704,26.0226805086,274.016422865,15.2827604727,40.1559223624,199.022611781,163.003067456,104.019228992,96.0325465663,106.279407695,101.763314999,46.0108682813,144.69282024,67.5166646096,1.46879156318,0.726316363448,1.22097464107,0.466815611123,0.0949675944108,0.380585467189,0.055773155174,0.379609469768,0.371376700474,0.167912812671,0.24639641633,0.528044336637,0.131450312168,0.59486605128
mit,5.0,41.0,71.0070419043,26.5226805086,293.383707796,11.7924954797,36.1247837364,190.002631561,159.003144623,123.794184031,91.50136611,125.700288385,96.8617542844,49.0,141.296381057,95.0368349641,1.53227928678,0.647625026585,1.1949614708,0.577407520444,0.0904027040488,0.326437815262,0.0401947864396,0.421953164889,0.330153828282,0.167016772568,0.323933580628,0.481609500808,0.105661923665,0.541963102919
mit,6.0,42.0119030752,73.0616178304,21.0311288741,273.117190964,11.2767462998,37.5335851224,200.039996001,164.012194669,97.3293378175,90.5220967499,104.644636747,96.1088089,56.0,143.542607258,65.6905624881,1.5201182529,0.732432825978,1.21966538162,0.575020158638,0.0770040465045,0.300444155895,0.0412890388189,0.356364743918,0.351895860384,0.205040187336,0.240521522121,0.525571483623,0.131913341687,0.600519484291
mit,7.0,38.0,77.0,16.5,266.046988331,10.5,37.0069431054,195.023075558,164.003048752,93.0215028905,95.5209401126,100.037805354,100.490181878,52.038447325,141.116078499,62.0322496771,1.4446153745,0.733039967042,1.18914298875,0.493506493506,0.0620191196431,0.283730541323,0.0394667125002,0.349643134373,0.37771591593,0.195598708527,0.233162758452,0.530417876123,0.116596045684,0.616443921358
mit,8.0,36.0138862107,69.0072459963,26.5,277.064974329,11.776229506,37.0660616579,201.089532298,165.012120767,109.073369802,88.069574769,110.572374488,95.949039895,49.0102030194,148.243556894,83.5374167664,1.69658055888,0.725784747009,1.21863491823,0.521885574345,0.0956454350254,0.317709219142,0.0425034941155,0.393674336015,0.346305194756,0.176890648621,0.301508398774,0.53504979203,0.130212819642,0.595571927366
mit,9.0,38.0131556175,73.027392121,23.063342621,288.140590684,14.0400639202,38.1637678967,218.33002542,173.288776324,115.108644332,100.62430124,119.104995697,100.546008262,54.0,149.765106516,79.0253124005,1.62769767869,0.757720475625,1.25992017516,0.520532837247,0.0800419773076,0.367889878121,0.048726435546,0.399487778028,0.348947741182,0.187408514266,0.274259562711,0.519764001873,0.156316918032,0.601403557592
mit,10.0,37.0,73.027392121,20.0276925691,290.001724133,13.024596145,37.7127672405,199.022611781,166.003012021,132.015150646,91.5054643177,134.250931095,96.076783779,44.1021541424,143.904468153,100.501243773,1.57269942971,0.686280788074,1.19890964241,0.50665919904,0.0690605982739,0.345363045411,0.0449121334847,0.455221950974,0.331297284753,0.152075489462,0.34655395265,0.496219353811,0.113860011897,0.572420776177
mit,11.0,38.0131556175,71.0070419043,18.0311288741,253.017785936,12.544839156,37.6705234201,199.090431714,165.027270474,90.0888450364,91.6105889076,93.5053474407,94.3471448904,52.1536192416,139.454590171,60.101996639,1.61850104798,0.786863385818,1.20640928704,0.535343461691,0.0712642741989,0.333014729212,0.0495808589487,0.356057360565,0.37288740213,0.206126296808,0.237540599831,0.551165166728,0.134627536614,0.652235849204
mit,12.0,39.0,68.0,27.0,276.04528614,13.2546280431,35.5348977773,191.0,163.012269477,107.074740252,84.501479277,109.073369802,97.3721581836,49.0,136.563039625,77.1038261048,1.52795110635,0.691915455869,1.17169094457,0.573529411765,0.0978100382643,0.373003128533,0.0480161361507,0.387888312636,0.352739796956,0.17750710648,0.279315858579,0.494712449303,0.101388184941,0.590527270929
mit,13.0,38.0,63.0,29.5178344238,261.068956408,11.028359395,36.5067555233,203.039405042,171.026313765,93.0483745156,85.5131568824,97.3042907584,89.0846712979,52.0096144958,144.375816959,65.5686662972,1.77320228776,0.777723279841,1.18718225619,0.603174603175,0.113065279112,0.302090920896,0.0422430898975,0.356413017449,0.341230426335,0.19921792009,0.251154588425,0.553017941869,0.122623125009,0.655100154832
mit,14.0,39.0128184063,74.1080292546,28.5501836553,275.181758116,11.554138969,36.0901482455,190.094713235,158.079094127,113.216606556,87.0229854694,115.419344133,96.0907372724,40.049968789,140.871717527,85.2115015711,1.5568464525,0.690796928316,1.20252911547,0.526431734843,0.103750277092,0.320146619803,0.041987299769,0.411424824562,0.349190069611,0.1455400571,0.309655342543,0.511922441703,0.116343537186,0.57445339113
mit,15.0,35.0,65.0076918526,27.0,268.067155765,14.0043090643,39.5,194.064422293,164.076201809,101.242283657,88.0056816348,106.066311805,88.858356862,55.0090901579,135.19630578,73.0838559464,1.68673570501,0.72393957305,1.18277007972,0.538397826512,0.100721029859,0.354539469982,0.0522417937561,0.377675076858,0.331477970915,0.205206378233,0.272632638407,0.504337450047,0.111868312994,0.612071260056
mit,16.0,38.0,72.0,23.0276925691,275.181758116,14.0415388536,40.6109759112,203.022166277,166.027106221,115.277925033,96.0,120.499481327,92.0121850762,44.0113621693,144.526718721,82.8869712319,1.6176551517,0.737774798981,1.2228254223,0.527777777778,0.0836817553849,0.345757237755,0.0510264159577,0.41891557719,0.334368766687,0.159935609361,0.301208088063,0.525204576461,0.134438635432,0.603336163549
mit,17.0,39.0128184063,69.0289794217,22.0276925691,285.043856275,10.7726805086,37.5330531138,197.002538055,169.073948318,120.149906367,89.5055864178,122.300091987,93.51424074,53.0094331228,143.929279686,94.0850678907,1.66897373757,0.691130623299,1.16518564814,0.565165800409,0.0772782576581,0.287018497428,0.037793063318,0.421513755593,0.328069659042,0.185969393677,0.330072253162,0.504937315847,0.0979799743844,0.593150648914
mit,18.0,42.0475920833,72.0624728968,22.0415945788,285.0,13.0048059156,39.0320333929,221.144748977,178.179684588,112.01785572,99.102219955,114.796014739,101.644888243,55.0363516233,149.737918733,81.1249036979,1.72610062479,0.775946487638,1.2411333508,0.583488054087,0.0773389283466,0.333182895821,0.0456308979496,0.393045107788,0.356648730676,0.193110005696,0.284648784905,0.52539620608,0.150754611889,0.625191875749
mit,19.0,37.0135110466,78.006409993,26.5,286.001748246,14.336475008,37.1685052592,181.0,154.029218007,109.0,84.0133917896,112.256959695,100.91436832,49.0,141.735644183,77.0064932327,1.34074074074,0.632863264332,1.17510172642,0.47449319934,0.0926567762697,0.385715672664,0.0501272285777,0.381116551449,0.352845284824,0.171327624046,0.269251826973,0.495576146131,0.0943028570905,0.538560407242
mit,20.0,38.0131556175,64.0312423743,26.0226805086,292.171182699,12.3000452307,41.5619842877,227.178344038,184.133104031,121.498971189,95.5641146038,126.238118253,88.957131607,58.0344725142,152.64625763,87.2811548961,1.87590607227,0.777552193681,1.23377241281,0.593665751404,0.0890665542993,0.295944609997,0.0420987625032,0.415848579133,0.304469218302,0.198631747245,0.298732934883,0.522454871214,0.147328835137,0.630223358544
mit,21.0,41.0121933088,70.0071424927,30.537036829,261.047888327,13.2876955905,41.1521347151,220.009090721,180.069431054,100.124921973,102.001225483,99.7813234027,92.0188958713,44.0,153.215795557,67.1509493604,1.83339317454,0.842792072103,1.22180144311,0.585828700451,0.116978677838,0.322892012347,0.050901371682,0.383550016873,0.352498143008,0.168551449629,0.257236133151,0.586926010162,0.152997443969,0.689794628134
mit,22.0,38.0525951809,73.0616178304,24.0384048104,285.212201703,12.7931261642,39.0576072156,205.156038176,175.045708316,104.019228992,98.1032619233,109.048441071,99.1013876315,60.1331855135,148.910165884,73.5068024063,1.58303700603,0.719310173096,1.17201409934,0.520828806025,0.0842825260172,0.32754505655,0.0448547645851,0.364708201019,0.347465455685,0.210836651288,0.257726710034,0.522103069207,0.105571674983,0.613738498113
mit,23.0,34.0,65.0307619516,21.0453610172,266.016916755,11.7606382913,35.0071414,198.0,168.0,103.004854255,85.0014705755,109.01834708,90.666665043,52.0,138.668735153,77.0259696466,1.67700286045,0.744313566276,1.17857142857,0.522829488379,0.0791128672337,0.335949689721,0.0442101142844,0.387211668757,0.340830448487,0.195476290133,0.289552899816,0.521277882792,0.112774782769,0.631538783507
mit,24.0,38.0131556175,63.0713881249,26.0453610172,271.118055467,10.280886821,33.6340896917,183.068293268,150.003333296,102.078401241,81.5015337279,104.836181731,89.5892949801,54.0092584656,135.531708915,75.5810822892,1.5981032766,0.675234605651,1.22042816813,0.602700475566,0.0960664938835,0.30566865092,0.0379203325403,0.37650904904,0.33044385342,0.199209375313,0.278775539899,0.499899236446,0.121957794049,0.553276811602
mit,25.0,40.0124980475,68.0,21.0249378106,262.04770558,12.0,40.0062490237,207.002415445,179.002793274,96.0208310733,97.0115972449,98.8120058495,91.9705436866,61.1310068623,142.879522373,63.6592491316,1.71749277551,0.789941720674,1.15642002931,0.588419088934,0.0802332451795,0.299953139643,0.0457931885853,0.366425002121,0.350968704278,0.233281977138,0.242930000057,0.545242409417,0.106849331531,0.683092389143
mit,26.0,37.0,66.0075753228,20.0276925691,257.048633531,14.3065242924,39.0832314054,208.002403832,181.011049386,93.0215028905,92.5121613627,97.2551412523,91.4395261221,53.0848377599,144.710742109,63.0079360081,1.69085294395,0.809194746439,1.14911440234,0.560541722962,0.0779140207593,0.366052748914,0.0556568774393,0.361882892014,0.355728505015,0.206516708651,0.245120680638,0.562970283565,0.105004854821,0.704189891618
mit,27.0,40.0124980475,84.0059521701,21.5,277.064974329,12.544839156,39.2172104669,201.009950002,167.0,107.168092266,93.0215028905,110.602045641,104.985108499,45.0111097397,146.722162373,71.2127095398,1.41548405699,0.725497513676,1.20365239522,0.476305511858,0.07759912653,0.319880965694,0.0452776074868,0.386797690779,0.378918731077,0.162456874416,0.257025305029,0.529558681056,0.122750809931,0.602746703745
mit,28.0,38.0131556175,69.0651865993,24.0,249.162597514,14.585861511,39.108704987,204.198432903,176.071008403,90.1387818866,98.154215396,91.3735465001,96.6170123158,44.0454310911,145.674449093,63.0495836624,1.68642450879,0.81953886715,1.15975045952,0.550395322002,0.0963226432837,0.372956903479,0.058539530638,0.36176690557,0.387766917185,0.176773847803,0.253045939846,0.584656166479,0.112887828192,0.706651038958
mit,29.0,37.0,68.0073525437,21.5,275.01636315,13.7544628631,39.5625803233,207.154531691,171.143214882,110.040901487,94.5476070559,115.295815189,91.0521281797,55.1452627158,136.32751467,81.5981004681,1.7478905783,0.753244386328,1.2104162694,0.544058820349,0.0781771664558,0.347663442341,0.0500132526863,0.400124924301,0.331078947947,0.200516296864,0.296702710826,0.495706921251,0.130942451557,0.622301934771
mit,30.0,39.1152144312,71.1125867902,25.0582341889,265.482579466,13.323672032,41.1579730825,210.342577715,174.140747673,100.319489632,94.2244660372,103.143407448,95.3355887039,46.0,149.116506252,69.2603782837,1.67930491981,0.792302749726,1.20788833473,0.550046288523,0.0943874895269,0.323720315509,0.0501866151021,0.377875979033,0.359102992353,0.173269372674,0.26088483253,0.561680945514,0.136362356112,0.655940393614
mit,31.0,32.0,66.0,25.0,276.065209688,11.011381227,35.028548143,196.040812077,164.012194669,115.108644332,86.0929730001,118.651801503,92.5338345861,49.0102030194,132.23281094,87.6726867388,1.68273825384,0.710125018285,1.19528192689,0.484848484848,0.0905583142051,0.314354485435,0.0398868848395,0.416961791246,0.335188322682,0.177531254571,0.317579628516,0.478991217653,0.116018303955,0.59410671433
mit,32.0,34.0587727319,60.0749531835,25.5583493562,236.13555429,8.26515147695,32.0624390838,180.224859551,152.161098839,85.0529246999,83.1504660239,88.7626751512,80.6336928721,49.0102030194,126.841554529,63.0178546128,1.80042658551,0.763226275231,1.18443452975,0.566937982087,0.108235921664,0.257782991973,0.0350017239115,0.360186863666,0.341472054534,0.207551138018,0.266871521327,0.537155681237,0.118845977242,0.644380297989
mit,33.0,40.049968789,76.0591874792,25.0249378106,281.177879642,9.78151220817,35.5909400111,210.237960416,173.046236596,117.273185341,92.2293337285,119.002626021,95.8139061871,45.0111097397,147.153802305,92.1954445729,1.73602227904,0.747704480466,1.21492362129,0.526563195274,0.0890003788435,0.274831521873,0.0347876305939,0.417078276179,0.340759046583,0.160080550422,0.327890105332,0.523347720283,0.132271158271,0.615433322195
mit,34.0,41.0487515035,77.0259696466,30.0277563773,308.058436015,14.7672209269,42.7320893877,201.089532298,169.073948318,137.032842779,96.0832971957,139.252019734,98.2006249049,44.1814440687,149.707454009,102.519510338,1.51726799279,0.652764244666,1.18935846887,0.532920931627,0.0974742219877,0.345576851927,0.0479364276398,0.444827431286,0.318772717849,0.143419036467,0.332792413233,0.485970960397,0.103926983445,0.548837261221
mit,35.0,35.0142828,73.0,18.0453610172,293.042659011,11.2716981903,34.0293863659,183.010928635,151.013244452,122.036879672,88.0127831624,124.340761619,99.8722765708,57.0,137.914496106,96.5634506426,1.49385477612,0.624519751675,1.21188660835,0.479647709589,0.0615792972877,0.331234247632,0.038464359518,0.416447489535,0.34081139213,0.194510929543,0.329520114814,0.470629418158,0.109191215679,0.515328535996
mit,36.0,40.0124980475,72.0277724215,27.0332963784,277.028879361,13.273299101,40.1806287652,208.060087475,172.011627514,107.042047813,94.0850678907,108.023434957,102.577708787,48.1663783152,143.23178075,77.1313814216,1.62486210791,0.751041147604,1.20956990223,0.55551486187,0.0975829539531,0.330340751473,0.0479130519951,0.386393101181,0.370278033913,0.173867715259,0.278423612728,0.517028336831,0.130125278072,0.620915869532
mit,37.0,40.0124980475,71.0,22.0,274.016422865,11.5433963806,37.1685052592,200.00999975,161.027947885,111.072048689,88.5014124181,114.546115168,95.0188921096,47.0106370942,142.33299029,81.0755820207,1.60006719751,0.729919753197,1.2420825228,0.563556310528,0.0802871585941,0.310569292473,0.0421266589057,0.405348144931,0.346763493647,0.171561385272,0.295878550537,0.519432334753,0.142261735474,0.587658017724
mit,38.0,30.0166620396,59.0338885726,26.5332963784,248.098770654,14.7672209269,36.0901482455,182.043950737,150.029997001,95.0210502994,84.0238061504,97.525958083,84.4207237344,47.0106370942,127.509826623,66.0075753228,1.66900455232,0.733755956377,1.21338368577,0.508464930321,0.106946504847,0.409175956453,0.0595215401026,0.382996860681,0.340270624928,0.189483555159,0.266053617069,0.513947837334,0.129037131672,0.604718824705
mit,39.0,32.0156211872,68.066144301,22.59103519,250.449595727,10.5059490104,31.580222096,186.171963518,154.116838794,82.2192191644,78.6288751032,85.5792761129,92.9892702815,53.0377224247,140.500159059,56.8726647872,1.55682095288,0.743351024293,1.2079923581,0.470360434192,0.0902019231631,0.332674956448,0.0419483568336,0.328286491841,0.371289360685,0.211770046067,0.227082278261,0.560991758247,0.127990323283,0.61536070101
mit,40.0,40.1123422403,67.1192967782,24.0453610172,269.150515511,12.5249661036,37.7623913753,199.564525906,171.187032219,99.0050503762,90.9464127935,103.769275318,93.3342342817,57.0788927713,144.950424712,70.5159556413,1.64082610059,0.741460686139,1.16576894475,0.597627570098,0.0893379712519,0.331678308694,0.0465351741192,0.367842692733,0.346773381074,0.212070531104,0.261994503363,0.538547824947,0.105433547592,0.636027138547
mit,41.0,41.0487515035,76.1051903618,21.0415945788,288.111089686,15.5523180347,41.2381878301,215.334623319,175.071414,119.03780912,101.123686642,121.004132161,104.32904296,50.0899191455,156.048050822,85.0367567585,1.58204963486,0.74740137061,1.22998163092,0.539368620043,0.0730329214392,0.377133886163,0.0539802825766,0.413166356246,0.362113943876,0.173856269122,0.295152667852,0.541624589987,0.139748905059,0.607652465551
mit,42.0,36.0138862107,61.0081961707,20.5725561297,250.161947546,6.04138126515,32.0156364385,188.042548377,162.111073033,87.0229854694,84.0059521701,93.0030241444,82.6143140991,61.0327780787,123.361694112,66.5018796727,1.81579828423,0.751683260469,1.15996116032,0.590312260831,0.0822369522284,0.188700957945,0.0241498810047,0.34786659731,0.33024332801,0.243973068955,0.265835313184,0.493127333402,0.103658752251,0.648024508218
mit,43.0,38.0131556175,72.0277724215,26.5207972894,218.112356367,10.7737557774,35.1210563538,184.067922246,155.02902954,49.0102030194,84.0728850463,49.5763300376,94.3880037257,52.0864665724,140.808202724,20.5,1.51414199714,0.843913317485,1.1873126136,0.527756924025,0.121592365197,0.306760584559,0.0493954398406,0.224701634679,0.432749456738,0.238805666217,0.0939882560596,0.645576459169,0.133137311385,0.7107760061
mit,44.0,41.1946598481,75.2396172239,26.0226805086,273.528791903,10.055937104,33.1958932875,192.585046148,163.248277173,112.160599142,81.4447665599,115.493776889,92.9491999727,41.1096095822,136.84986325,79.5770067293,1.50629547892,0.704075957812,1.17970645377,0.547512884409,0.0951368970247,0.302927142733,0.036763724338,0.410050431481,0.339815049546,0.150293536911,0.290927350557,0.500312461801,0.107252946833,0.596823010979
mit,45.0,38.0131556175,78.0576709875,19.0764898913,266.422596639,11.7707972894,36.6147371713,213.234612575,178.025279104,91.0054943396,90.2344169372,93.1212247557,101.408915358,56.5685424949,148.58054942,65.507633143,1.68433392388,0.800362338874,1.19777715641,0.486988083766,0.0716023720659,0.321477038995,0.0441809269855,0.341583242141,0.380631810652,0.212326368741,0.245878667836,0.557687490828,0.132155957923,0.668206380951
mit,46.0,41.0121933088,69.0651865993,24.0415945788,258.094943771,11.5108849611,38.0591185525,202.061871713,168.01190434,83.0541991714,99.0618493669,89.6259588512,95.6945634242,56.0,136.196626722,52.5380814267,1.59652909621,0.78289744371,1.20266401661,0.593818612939,0.0931501959223,0.302447492188,0.0445994206355,0.321797079625,0.370772716529,0.216974417173,0.203561064231,0.527699708998,0.131928068311,0.650969375399
mit,47.0,36.0138862107,66.0,24.061085319,278.007194152,14.5344418537,37.6117286979,204.022057631,174.002873539,112.071405809,92.5661925327,116.282522332,91.8774644064,52.0864665724,141.800805733,81.5551960331,1.66548618474,0.733873302285,1.17252119739,0.545664942587,0.0865484268939,0.386433763003,0.052280812006,0.403124121126,0.330485923887,0.18735654209,0.293356422959,0.510061641269,0.107979882259,0.625893420027
mit,48.0,38.1182371051,60.0749531835,22.5226805086,240.299812734,9.52624329364,34.1245941203,192.260240299,163.049072368,85.0529246999,83.6809416773,88.1419309977,87.4185147929,48.0416485979,133.705317816,61.0512080143,1.74563967884,0.800084852801,1.17915568306,0.63451130771,0.0937274159823,0.279160632945,0.039643157376,0.353945031135,0.363789358794,0.199923787086,0.254062653315,0.556410412038,0.121561342888,0.678523509913
mit,49.0,38.0131556175,74.0607858451,25.5,267.067407221,8.78404817911,34.0367377176,196.163197364,160.112460477,95.0473566176,89.0898422942,96.7822943518,93.6393970105,55.0817574157,147.907920883,66.0075753228,1.60767904705,0.734508188044,1.22515884635,0.513269676843,0.0954815125713,0.258075502182,0.0328907532016,0.355892759834,0.350620833836,0.206246647574,0.247156985607,0.553822431652,0.134987407344,0.5995207807
gs,0.0,42.0475920833,75.0266619276,26.5207972894,306.040846947,11.8830020762,40.0312334182,242.008264322,196.040812077,114.01754251,106.004716876,114.251094087,110.772979855,61.0081961707,175.081942797,87.0,1.80477587256,0.790771123319,1.23447899321,0.560435330627,0.0866577045318,0.296843266158,0.0388281570736,0.372556616698,0.361954885957,0.199346579972,0.284275778439,0.572086845738,0.150200382409,0.64057074091
gs,1.0,44.0454310911,83.0541991714,26.5767741764,336.481797427,12.8314712206,45.1991189256,253.160028441,217.009216394,119.268604419,112.188457517,131.879680012,105.146469008,82.0975030071,177.189678476,87.3670418407,1.7821101956,0.752373621325,1.16658652866,0.530321543408,0.0789842849734,0.283887640414,0.0381342209852,0.354457820098,0.312487836823,0.243987947148,0.259648642241,0.526595137777,0.107437645432,0.644935975893
gs,2.0,51.0098029794,90.0,24.5,327.013761178,11.0276472007,44.0510770712,227.10790387,184.043473125,126.0,114.55348096,129.515443095,113.743468688,65.0076918526,171.910848093,90.0124991321,1.53450410702,0.694490357382,1.23399053502,0.56677558866,0.0749203945171,0.250337742773,0.0337222726071,0.385304886088,0.347824716238,0.198791915112,0.275255997814,0.525699124936,0.131689964939,0.562800392442
gs,3.0,45.0444225182,90.1997782702,32.0,341.036654921,13.7544628631,46.0488611432,251.240920234,204.198432903,119.03780912,115.088009801,129.5,117.86504663,70.0642562224,176.122141435,87.0057469366,1.64038158214,0.736697702749,1.23037633865,0.499385069254,0.093831556046,0.298692791126,0.0403313329068,0.349046964313,0.345608147773,0.205444943267,0.255121394375,0.516431705781,0.13793968083,0.59875802192
gs,4.0,46.0,86.0,28.0520168313,329.001519753,17.3399815598,50.1241865421,257.007781983,217.036863228,130.003846097,122.509183329,130.77389839,119.757154037,59.0,177.612800313,94.5119040121,1.71902907339,0.781175060152,1.1841664967,0.53488372093,0.0852640949875,0.345940408335,0.052704867664,0.395146643075,0.364001826274,0.179330478608,0.287268897977,0.539854042152,0.121491593063,0.659683467089
gs,5.0,42.0475920833,92.0869154658,25.5838499215,346.144478506,17.0977303341,44.6611783909,241.350367723,194.002577302,136.132288602,105.575802152,137.252049165,122.815893506,64.3816744113,183.560226169,96.1054108778,1.48895921159,0.697253264778,1.24405753304,0.4566076719,0.073910899957,0.382832046761,0.0493947799137,0.393281698988,0.354811072059,0.185996537311,0.277645367312,0.530299448836,0.13678620738,0.560467057397
gs,6.0,48.0104155366,91.0878696644,30.0192024052,333.054049668,16.5151376274,45.5710724023,249.128480909,201.24860248,124.0,107.501162784,128.784946714,118.429831469,62.0322496771,171.496548413,88.2043082848,1.60394591151,0.748012165466,1.23791409152,0.527078036993,0.0901331253446,0.362403971572,0.0495869593656,0.372311941932,0.355587423686,0.186252801126,0.26483481697,0.514921072373,0.143760084818,0.604252080647
gs,7.0,47.0106370942,97.0051545022,30.5,347.070598006,17.0151376274,47.0053185471,256.031248093,213.009389464,129.189782878,113.004424692,137.915281967,120.976094369,63.0,184.118943498,89.2020179144,1.55159055531,0.737692128242,1.20197165363,0.484619990921,0.0878783745303,0.361983242606,0.0490250044953,0.37222911886,0.348563361645,0.181519265423,0.257014043906,0.530494212289,0.123957082149,0.613735046093
gs,8.0,43.1045241245,79.2275204711,38.0237960416,309.012944713,13.2876955905,44.5450630143,239.534966132,208.062490613,105.546198416,106.557496217,112.03626645,108.090149909,59.0084739677,169.843713945,70.0357051796,1.69165474036,0.775161591871,1.1512645332,0.544059991632,0.123049201311,0.298297829016,0.0430004497155,0.341559148966,0.349791656816,0.190957935508,0.226643272969,0.549633006808,0.101848404923,0.673313186948
gs,9.0,51.0392006207,88.0511215147,27.5,332.338682672,13.2738304483,44.2092843958,260.432332862,212.235718012,115.108644332,111.324974736,124.882444723,117.631461034,70.256672281,176.393764159,82.0381009044,1.69004155541,0.783635328781,1.22709002661,0.579654179784,0.0827469128147,0.300249837328,0.0399406723934,0.346359452974,0.353950554561,0.21140082676,0.246850893928,0.530765069961,0.145022584981,0.6386127438
gs,10.0,46.0,86.0929730001,21.5665323894,320.351369593,13.2963447692,40.5610538148,219.082176363,184.010869244,115.156415366,101.511083139,119.969266898,120.090585591,61.1310068623,170.746555303,80.1560977094,1.39472076343,0.683880879428,1.19059367125,0.534306092553,0.0673214926996,0.327810634061,0.0415055031172,0.359469090182,0.374871459871,0.190824865022,0.250213063897,0.532997737828,0.109477625033,0.574403254396
gs,11.0,52.0,85.0058821494,31.5,320.0,13.2548059156,46.5054341407,259.030886189,221.110831937,117.004273426,115.501082246,122.756364397,110.003315123,63.0317380373,178.641371782,91.512294256,1.93963977912,0.809471519341,1.17149794933,0.611722373619,0.0984375,0.285016281657,0.0414212684863,0.365638354457,0.343760359758,0.196974181366,0.28597591955,0.55825428682,0.118500169537,0.690971349804
gs,12.0,41.1096095822,94.0053189984,24.543477798,351.364483123,16.5625266811,44.2546803824,243.248843779,198.42630874,137.13132392,117.180416453,143.096339925,124.690079899,69.1809222257,176.101201366,92.5486358624,1.45966458334,0.692297757638,1.22589008143,0.437311526839,0.069851903015,0.374254802837,0.0471377372406,0.390282258187,0.354873887057,0.19689218902,0.263397811412,0.501192379495,0.127567062674,0.564730694964
gs,13.0,42.0119030752,91.0219753686,27.0249378106,348.051720295,13.7863276091,43.6155384272,249.018071633,207.0,143.087385887,112.01785572,148.12157169,123.239271709,56.0089278598,184.830481141,101.677185248,1.51367579915,0.715462838174,1.2029858533,0.461557804092,0.0776463273553,0.31608752537,0.0396099970357,0.411109549368,0.354083213854,0.160921278632,0.292132402512,0.531043147796,0.12072364302,0.594739195154
gs,14.0,45.0111097397,91.0494371207,22.0,315.01428539,12.9139403034,42.6250175775,241.132743525,200.159936051,127.035428129,105.542645409,126.79165982,117.748962609,51.0392006207,177.689065531,84.1204493569,1.52553799615,0.765466058869,1.20470034255,0.494359011578,0.0698381026522,0.302966216494,0.0409947767526,0.403268785007,0.373789278995,0.162021860556,0.267036935333,0.564066690851,0.130066506106,0.635399552763
gs,15.0,48.0104155366,85.0058821494,27.5,311.057872429,17.3151081181,46.1356539045,238.102918924,190.023682735,118.511602807,110.510180527,122.012550584,110.49190653,57.0788927713,165.613945667,78.9588500423,1.60337757093,0.765461799968,1.25301707396,0.564789333663,0.0884079859007,0.375308609561,0.0556652303408,0.380995349457,0.355213342351,0.183499270813,0.253839741865,0.532421649947,0.154566852187,0.610894947782
gs,16.0,46.0434577329,77.3175271203,29.5693860605,287.250761531,12.519968102,45.1606741045,243.347488173,202.158353772,84.0059521701,108.041658632,94.0003324462,98.8169334205,75.0599760192,168.907381254,54.5366849011,1.8603129084,0.84716046313,1.20374688274,0.595511256603,0.102939278221,0.277231647894,0.0435855001229,0.292448144341,0.344009300076,0.261304706798,0.18985740755,0.588013693519,0.143390862328,0.703769600802
gs,17.0,46.0434577329,86.005813757,28.0207972894,331.006042241,15.0748956198,46.0108682813,250.007999872,202.009900747,131.034346642,118.001059317,135.25,116.071764679,61.2943716829,177.479847587,93.0013440763,1.66626646611,0.755297390282,1.23760270634,0.535352852576,0.0846534313987,0.327637712194,0.0455426599397,0.395866932686,0.350663582736,0.185175990347,0.280965699136,0.536183105257,0.145006715888,0.610290674393
gs,18.0,41.0121933088,77.0584193972,27.0548712528,312.10254725,10.7616278968,40.049968789,244.032784683,212.084888665,108.115678789,107.501162784,116.310468145,102.966855371,74.0270220933,174.866063222,83.0737624043,1.89057706575,0.781899368758,1.1506373048,0.5322220937,0.0866858392897,0.268705025801,0.0344810639696,0.346410754227,0.329913537324,0.237188138147,0.266174573505,0.560283998842,0.102363458098,0.67953591066
gs,19.0,48.0,79.1580697087,29.0332963784,342.001461985,14.5211110522,49.1273725238,265.092436708,216.148097378,125.323581181,125.000999996,137.7781278,111.960649093,72.0624728968,173.594525345,95.4253635047,1.81502056289,0.775120770448,1.2264389089,0.606381638368,0.0848923165704,0.295580860654,0.0424592075366,0.366441653359,0.327368919545,0.210708084341,0.279020337956,0.507584161591,0.143111491532,0.632009278917
gs,20.0,51.0098029794,89.0224690738,34.0178344238,342.023391013,18.2946995909,49.0668213192,244.100389184,196.163197364,138.361844451,112.004464197,142.850446272,111.207882889,58.137767415,173.60260393,100.65907808,1.63780585609,0.713695015015,1.24437403379,0.572999193463,0.0994605495345,0.372852756691,0.0534896152475,0.404539128279,0.325147009858,0.169981846104,0.294304660808,0.507575237517,0.140157641495,0.57353737352
gs,21.0,45.0111097397,91.0054943396,22.0384048104,335.073126347,11.543477798,40.1037391272,229.218236622,192.439600914,124.016127983,95.5641146038,125.0122494,120.290780649,72.0069441096,179.965304459,94.5211616518,1.55387910538,0.684084215051,1.19111781324,0.494597717054,0.0657719258201,0.287840437057,0.0344506225367,0.370116605099,0.35899859222,0.21489919199,0.282091144349,0.537092623396,0.109763012357,0.574321202694
gs,22.0,41.0121933088,82.0060973343,28.0,310.103208626,12.25,40.5797891856,231.019479698,192.260240299,109.293183685,105.004761797,118.152443902,106.003208237,62.0080639917,165.948973299,77.4144689318,1.63843602623,0.744976102382,1.20159778922,0.500111511729,0.0902925194618,0.301874412013,0.0395029772645,0.35244131839,0.341832026525,0.19995944017,0.249640980095,0.535141103617,0.124988192062,0.61998791032
gs,23.0,51.0392006207,91.0494371207,21.0276925691,346.001445084,14.7584940727,48.0260320672,253.001976277,208.060087475,129.096862859,119.5,138.750225225,115.970365979,79.0,175.973407761,95.0473566176,1.66434261829,0.731216530658,1.21600437329,0.560565800676,0.0607734241225,0.307301965984,0.0426544289985,0.373110762088,0.335173068284,0.228322745822,0.27470219552,0.508591539895,0.129889309541,0.601327221117
gs,24.0,46.0434577329,90.0222194794,26.556466137,324.394821167,16.3122577483,45.6601917118,239.075301945,197.022841315,126.570138658,109.138673256,130.947747212,112.814125345,59.0084739677,171.427883832,86.2046982478,1.56716789504,0.736988651929,1.21343951975,0.511467702076,0.081864642726,0.357253378419,0.0502851978019,0.390173117447,0.347767960472,0.181903255285,0.26574005694,0.528454440842,0.129633575771,0.607355076159
gs,25.0,42.0475920833,90.0888450364,21.0969797169,334.181088633,14.7874067158,48.0900543398,258.379565755,203.553432789,135.003703653,120.64928512,142.255491985,115.369586596,65.06919394,173.436657717,95.0013157804,1.6762968929,0.773172314485,1.26934516513,0.466734722443,0.0631303818035,0.307494073751,0.0442496814417,0.403983673059,0.345230746203,0.194712376473,0.284280945307,0.518990043473,0.164061147778,0.609111166706
gs,26.0,44.0113621693,74.0067564483,30.5,310.014515789,15.2540312096,45.5276453998,248.072570027,210.192768667,116.107708616,114.527289324,124.906465005,100.790265701,65.06919394,161.245016111,84.2511127523,1.87921632194,0.800196627554,1.18021457922,0.59469383988,0.0983824900017,0.335049859831,0.049204248294,0.374523458426,0.325114665822,0.20989079745,0.271765057639,0.520120858535,0.122187186183,0.678009441371
gs,27.0,41.0121933088,88.0511215147,31.5455908011,318.100613014,17.3228954558,45.1774279923,237.134982658,191.316491709,116.107708616,114.0,119.808701687,120.770885848,53.0094331228,177.572695652,75.0816222521,1.48150780952,0.745471630534,1.23949054542,0.465777069086,0.099168594811,0.383441382691,0.0544572841016,0.365003096082,0.379662537283,0.166643605683,0.23603105175,0.55822808378,0.14403773232,0.601433898214
gs,28.0,50.0,88.0908621822,29.0312195419,340.476137196,16.0161122835,47.0540689115,238.018906812,198.090888231,143.502613217,119.501046021,147.774321179,114.483217884,58.0086200491,165.599998118,105.200998094,1.57248700125,0.699076618914,1.20156413522,0.567595761483,0.0852665322773,0.340376776206,0.0470403371449,0.421476272606,0.336244468781,0.170374994638,0.308982000796,0.486377692961,0.117271121877,0.581805497037
gs,29.0,44.0,92.0054346221,20.5415945788,310.058059079,12.3415324672,41.1521347151,231.002164492,193.064755976,112.160599142,106.0,109.518263317,127.918837879,56.0,184.211411158,82.5545274349,1.51463804092,0.745028738095,1.19650095288,0.478232619418,0.0662508003817,0.299900176568,0.039803940281,0.361740634885,0.412564144465,0.180611335072,0.266255061004,0.594119087583,0.122355821451,0.622672916644
gs,30.0,41.0487515035,85.0529246999,26.0,324.024690417,14.7672209269,44.5546743108,242.101218502,198.0,122.016392341,111.528023384,128.00390619,111.003347049,68.0294054068,173.196485238,83.5239486614,1.62972012155,0.747169045019,1.22273342678,0.482625984332,0.0802407988309,0.331440441554,0.0455743693725,0.376565107382,0.342576816926,0.209951301301,0.257770321619,0.534516320393,0.136104500077,0.611064544943
gs,31.0,42.0119030752,84.0059521701,29.0192024052,341.052781839,15.520553486,44.5222112591,253.071136244,202.009900747,132.015150646,120.026038842,137.044700737,122.746605203,62.0322496771,179.099212921,99.0618493669,1.66493267803,0.742029239228,1.25276600458,0.500106266163,0.0850871300587,0.348602485075,0.0455077756654,0.387081289687,0.359905011011,0.181884602561,0.290458998261,0.525136349732,0.1497165196,0.592312719627
gs,32.0,44.0454310911,82.0548596976,36.5396775775,309.131040176,17.2679497473,46.0542952839,239.301065606,194.43507914,107.042047813,107.61621625,113.522299571,110.048159047,58.2151183113,175.443986704,69.0887110894,1.63788662629,0.774108822814,1.23075047293,0.536780286425,0.118201257165,0.374947649093,0.0558596436564,0.346267549684,0.355991941101,0.188318579326,0.22349328314,0.567539211216,0.145135818262,0.628973004552
gs,33.0,47.0,93.0215028905,35.0156097709,353.022662162,19.2759608901,52.0240309104,258.048445064,215.037206083,134.014924542,123.009146001,142.000880279,124.677518146,62.0322496771,180.017929839,91.0123617977,1.5359958465,0.73096849784,1.20001766096,0.505259521074,0.0991879942112,0.370520325949,0.0546026160815,0.379621307372,0.35317142923,0.175717471783,0.257808836521,0.509933069838,0.121837047847,0.609131449993
gs,34.0,48.0,92.0054346221,20.0276925691,327.074914966,14.3382887387,46.0977222865,250.0,197.002538055,119.03780912,114.001096486,122.8072677,121.370706171,67.0298440995,180.057131266,84.5369741592,1.60750930441,0.764350882812,1.26901918355,0.521708312092,0.0612327379834,0.311041154043,0.0438379346219,0.363946617955,0.371079225638,0.204937282049,0.258463643316,0.550507308958,0.162034627299,0.602316255514
gs,35.0,49.0917508345,81.0987052918,25.6184313779,307.234438174,13.573672032,47.7751326439,258.936285599,222.811579591,129.015502944,119.462337161,134.753710524,102.700520434,52.1536192416,171.80158135,91.0672828188,1.85937769044,0.842797074242,1.16213118759,0.605333348516,0.0833839836777,0.284115841878,0.044180177563,0.419925265251,0.33427411668,0.169751866202,0.296409749376,0.559187252481,0.117580262886,0.725216811357
gs,36.0,46.0,87.0057469366,24.5226805086,321.155725467,17.7674488887,45.0055548699,229.008733458,187.010694881,123.328828747,107.518603042,125.056487237,116.128029417,61.0,160.954548764,94.3398113206,1.62401204954,0.713076913467,1.22457559769,0.528700707937,0.0763576002669,0.394783464842,0.0553234692075,0.384015662705,0.361594143303,0.189939008284,0.29375098695,0.501172907723,0.130771570445,0.582305343022
gs,37.0,39.0,84.0059521701,32.0,326.038341304,14.2587719273,42.5571737256,224.002232132,187.024062623,132.306462427,101.079176886,137.332170303,107.798884022,55.2268050859,164.938994075,95.1892851113,1.54425550366,0.687042607431,1.19771878009,0.464252817718,0.0981479658866,0.335049785478,0.0437334206472,0.405800317528,0.330632537238,0.169387455675,0.291957334621,0.505888336371,0.113416628734,0.573625978697
gs,38.0,46.0977222865,77.0064932327,31.0,332.037648468,10.2749378106,44.709158181,258.048445064,220.020453595,121.066097649,111.689301189,134.407263569,101.149459534,75.0,165.624171479,85.5935161096,1.82361838349,0.777166222731,1.17283843774,0.598621237655,0.0933629067157,0.22981729535,0.0309450987199,0.364615573589,0.304632501769,0.225878000119,0.257782563226,0.498811421667,0.114529155489,0.662637067242
gs,39.0,49.0102030194,88.0227243387,23.5606066582,320.0,13.5231212284,42.0119030752,231.002164492,189.0,130.188325129,111.5,130.577563157,113.781564091,57.008771255,169.913043217,102.206898006,1.6733906128,0.721881764038,1.22223367456,0.556790344625,0.0736268958068,0.32188785174,0.0422597538387,0.406838516029,0.355567387784,0.178152410172,0.319396556269,0.530978260052,0.131256764038,0.590625
gs,40.0,47.0106370942,78.0256368125,25.5,309.195730889,12.269968102,41.0487515035,227.140925419,187.066832977,117.153745139,113.070774296,123.712620617,102.175989837,55.0090901579,158.830167483,83.5957534807,1.69971435253,0.734618569168,1.21422339708,0.602502446819,0.0824720313139,0.298912089956,0.0396834977854,0.378898326965,0.330457311111,0.177910251218,0.270365160736,0.513688099851,0.129607521832,0.605011047336
gs,41.0,45.0,84.0059521701,30.0178344238,346.005780299,16.7688133033,47.5053185471,255.017646448,209.086106664,132.003787824,114.001096486,138.532487165,119.472850741,67.0671305484,183.203893929,95.0644518209,1.63404879775,0.737032908029,1.21967762716,0.535676328136,0.08675529755,0.352988124617,0.0484639686909,0.381507464154,0.345291488013,0.193832399247,0.274748160967,0.529482177354,0.132747897288,0.604285010741
gs,42.0,39.0128184063,82.0,25.0,322.076077969,15.532224567,41.6178072762,227.0,188.042548377,139.057542046,102.510975022,142.909499334,111.805636576,48.2597140481,166.794013801,100.124921973,1.52335270627,0.704802422556,1.20717359959,0.475766078125,0.0776214121758,0.373211026327,0.0482253282049,0.431753711493,0.347140456009,0.149839486224,0.3108735135,0.517871475749,0.120957296391,0.583845126165
gs,43.0,47.0956473573,85.0529246999,24.0837658276,319.352469851,14.0222972869,43.0290564176,253.126450613,220.056810847,109.16501271,106.09547587,119.501569027,112.224435707,70.1141925718,170.518734075,73.7868551979,1.65940859678,0.792624058086,1.150277738,0.553721668284,0.0754143715839,0.325879729985,0.0439085293231,0.341832373368,0.351412455834,0.219551120442,0.231051462456,0.533951511802,0.103552165361,0.689071892725
gs,44.0,47.0425339454,83.1504660239,27.0356688476,339.377371078,12.269968102,41.0304724062,237.134982658,194.164878389,119.067207912,106.042444332,126.13113216,117.26035987,77.0584193972,172.755559714,90.0499861188,1.61077956471,0.698735398604,1.22130729628,0.565751897672,0.0796625560559,0.299045255451,0.0361543495461,0.350840150402,0.345516141803,0.227058212963,0.265338805097,0.509036766843,0.126614523919,0.572120874685
gs,45.0,50.0099990002,80.0062497559,21.5476183192,302.324329157,13.25,47.5105263154,253.126450613,208.290662297,100.319489632,120.037494142,106.69817243,112.85925749,71.0633520178,168.277759767,72.7083213945,1.81358318137,0.837267881547,1.21525587284,0.625076155335,0.0712731865783,0.278885565528,0.0438271046097,0.331827378603,0.373305244088,0.235056676438,0.240497751528,0.556613357041,0.1483036064,0.688964275147
gs,46.0,50.0399840128,91.1372591205,26.0,351.569338822,18.7795592763,49.0865986162,250.33777182,206.060670677,133.304163476,124.226607456,141.159927033,125.390055167,64.28063472,185.64300747,97.2895163931,1.50690408499,0.712058032873,1.21487409993,0.5490617613,0.073954116952,0.382580170671,0.0534163739625,0.37916891138,0.356658107862,0.182839137609,0.27672924129,0.528040949452,0.12594130447,0.586116728403
gs,47.0,46.0108682813,88.0511215147,24.5,317.025235589,10.5056788864,39.5638562394,240.133296317,199.010049997,106.004716876,103.597779899,112.004464197,116.566490238,68.0294054068,181.26781129,82.0015243761,1.66709998022,0.757457985548,1.2066390432,0.522547214502,0.077280914103,0.265537282888,0.0331383048005,0.33437311916,0.367688364057,0.214586719825,0.258659296393,0.571777230773,0.129716002712,0.627741982836
gs,48.0,43.0464865001,83.2946576918,19.0771284847,323.618602679,10.5533008589,37.6907752104,230.703272625,200.249843945,130.061523903,106.69817243,132.397601942,114.15012003,62.2896460096,173.334583179,100.531089719,1.62594144514,0.712886313442,1.15207716561,0.516797687786,0.0589494186267,0.279996917017,0.0326103035225,0.401897551088,0.352730402656,0.192478570434,0.310646819702,0.535613780368,0.0941028371921,0.61878347625
gs,49.0,46.0108682813,90.0055553841,23.0276925691,309.040450427,12.525603205,41.5060966544,252.0,209.009569159,121.066097649,103.001213585,122.565288724,119.591801679,49.040799341,174.331262329,90.5676542702,1.69696007802,0.815427235017,1.2056864239,0.511200315191,0.0745135225414,0.301777430658,0.0405306269381,0.391748385954,0.386977826086,0.158687315118,0.293060840887,0.564104996898,0.139109397432,0.676317837585
gh,0.0,37.0135110466,68.0073525437,27.0207972894,235.00212765,11.7924954797,36.5893991818,196.040812077,166.075284133,68.0294054068,90.5124300856,70.7504416947,93.5668008616,50.0899191455,145.179113704,42.5,1.66819080338,0.834208668823,1.18043339863,0.54425749073,0.114981075106,0.322292678847,0.0501803775039,0.289484210578,0.398152994602,0.213146662315,0.18084942645,0.617777869313,0.127511730399,0.706696938424
gh,1.0,42.0,77.0,21.0311288741,245.008163129,10.0124921973,35.5909400111,201.0,167.0,70.0071424927,88.5056495372,70.5159556413,101.207494515,56.0089278598,154.772818424,45.002777692,1.62095456435,0.820380829082,1.20359281437,0.545454545455,0.0858384823001,0.281321375443,0.0408659534824,0.285733918407,0.413078051043,0.228600252108,0.183678686935,0.631704741781,0.138770886511,0.681609942571
gh,2.0,40.0,75.0066663704,17.0355339059,233.0,13.0431261642,38.2257619182,198.063121252,170.1058494,65.0076918526,86.5361196264,66.2518867656,95.4789725695,58.0,145.783235904,36.0034720548,1.59727025086,0.850056314385,1.16435220747,0.533285932246,0.0731138794246,0.341212980713,0.0559790822496,0.279002969324,0.409780998152,0.248927038627,0.154521339291,0.625679124049,0.119988291211,0.730068023175
gh,3.0,40.0,77.0064932327,21.5311288741,250.017999352,12.7598039172,39.5638562394,215.083704636,175.102826933,69.0289794217,100.019998,72.3900027628,102.257089756,58.0,150.403655407,40.8074748055,1.66067998917,0.860272881127,1.22832799677,0.519436716578,0.0861183152011,0.322511633852,0.0510355412422,0.276096039488,0.408998912161,0.231983297804,0.163218147938,0.601571310052,0.159911997562,0.700360883564
gh,4.0,37.0135110466,68.066144301,23.0,228.008771761,13.7915388536,39.6137783357,206.00242717,172.002906952,66.0,89.5,68.0165421056,90.6716625584,53.0094331228,140.397356763,37.0303929226,1.72987642762,0.903484657976,1.19766828841,0.54378739132,0.10087331212,0.34815004862,0.0604868784086,0.289462547823,0.397667431205,0.232488569248,0.162407755792,0.615754190851,0.149114965865,0.754369692112
gh,5.0,38.0,71.0070419043,24.0249378106,238.018906812,16.7987139459,40.8181005973,211.0,169.002958554,71.0633520178,94.5052908572,73.3459269489,97.6262819672,49.040799341,145.748072291,34.7311099736,1.6041453417,0.886484199201,1.24849885354,0.535158189679,0.100937098369,0.411550603777,0.0705772250232,0.298561794815,0.410161878629,0.206037411052,0.145917441765,0.612338213983,0.176444140545,0.710040058656
gh,6.0,36.0138862107,72.0069441096,21.5,227.035239555,12.5249661036,36.5893991818,206.021843502,168.0,63.0,88.0355042014,66.7574902165,95.9284812848,49.040799341,142.174460367,37.0135110466,1.68870363526,0.907444341704,1.22632049704,0.500144627106,0.0946989552904,0.342311335623,0.0551674979096,0.277489962014,0.422526835361,0.216005230893,0.163029805942,0.626221993755,0.167471109668,0.739973232036
gh,7.0,41.0,75.0066663704,23.5276925691,253.031618578,11.0226805086,39.0320333929,212.002358477,176.002840886,71.0070419043,92.0122274483,72.2538926287,103.627359144,59.1354377679,154.209321054,45.0,1.66930990927,0.837849276186,1.20453941203,0.546618080552,0.0929832117477,0.282400878213,0.0435624629466,0.280625173658,0.409543122424,0.233707700644,0.177843386739,0.609446842733,0.142272802876,0.69557647331
gh,8.0,40.0124980475,73.0068489938,20.0453610172,254.0,14.5211110522,38.7072689585,206.00242717,171.002923952,80.024996095,92.5,81.296525141,103.165236578,59.0084739677,150.716378994,50.5618433208,1.60282841687,0.811033177835,1.20467195771,0.548064991148,0.0789187441622,0.375152043608,0.0571697285522,0.315059039744,0.406162348734,0.232316826645,0.199062375279,0.593371570844,0.137793319758,0.673239858077
gh,9.0,42.0,69.0072459963,27.0226805086,237.033752871,11.8454000636,38.8233711481,208.009615162,175.025712397,77.0,90.0055553841,77.7564306022,93.5009992847,44.0454310911,152.020737203,42.5029410747,1.67063871146,0.877552722526,1.18845175554,0.608631737053,0.114003512923,0.305110033295,0.0499734739046,0.324848250797,0.394462806045,0.185819236955,0.179311767037,0.641346370976,0.139152767765,0.738399954762
gh,10.0,41.0,76.026311235,27.0226805086,235.008510484,11.261111103,37.5861258662,206.009708509,165.012120767,67.0,91.001373616,69.25,96.8393258048,46.0108682813,146.666261095,38.0131556175,1.63479175451,0.876605311376,1.24845197766,0.539286982809,0.114985965627,0.299608189019,0.0479178863769,0.285096058274,0.412067314521,0.195783838579,0.161752251181,0.62408914806,0.174451502449,0.702153808928
gh,11.0,38.0131556175,71.0070419043,26.5,242.008264322,11.75,36.5,196.063765138,156.115341975,62.0725382114,93.5,66.5004699232,94.6962463174,62.2012861603,143.954763404,34.0147027034,1.62014039493,0.810153180873,1.25589043753,0.535343461691,0.109500392783,0.321917808219,0.048552060951,0.256489332649,0.391293440259,0.257021330799,0.140551822884,0.594834080593,0.165070491599,0.645082689274
gh,12.0,40.0124980475,71.0070419043,21.5384048104,239.13385373,8.25734659148,32.5153846128,198.002525236,160.0,70.0642562224,88.0227243387,71.158713451,96.0056429602,54.1479454827,146.603034171,48.1663783152,1.70685489862,0.827998721835,1.23751578273,0.56350042157,0.0900684050978,0.253951988876,0.0345302284167,0.29299179154,0.401472403269,0.226433625511,0.201420156802,0.613058468654,0.15891737888,0.669081342955
gh,13.0,40.0124980475,70.0071424927,25.0453610172,233.008583533,13.3346650178,40.3112887415,211.002369655,173.011560307,74.0607858451,92.5054052475,74.515099141,95.0801455153,46.0434577329,143.953629893,43.5258543856,1.7365126868,0.905556209371,1.21958538077,0.571548796634,0.107486860087,0.330792327263,0.0572282137232,0.317845740797,0.408054261666,0.197604127002,0.18679936046,0.617803978337,0.16304467746,0.742511531911
gh,14.0,39.0,83.0060238778,21.5,259.0,12.539936204,34.7437176955,204.002450966,167.002993985,77.1038261048,89.0,77.5580427809,106.795166385,55.0363516233,160.300996258,47.1699056603,1.49985584893,0.787654250833,1.22154966266,0.469845418176,0.0830115830116,0.360926723901,0.0484167421003,0.297698170289,0.41233654975,0.212495566113,0.182123187878,0.618922765474,0.142855046257,0.644799204576
gh,15.0,36.0,70.0071424927,22.0249378106,235.00212765,12.2907653914,37.2155881319,201.022386813,167.026943934,70.0071424927,90.5220967499,73.0004280809,93.4598511291,53.0,139.022737045,38.5,1.61458556336,0.855406667264,1.20353268807,0.514233244183,0.0937222910738,0.330258528976,0.0523006558038,0.297900036876,0.397697893478,0.225529872985,0.163828303961,0.591580759012,0.14466014933,0.710746517934
gh,16.0,42.0119030752,75.0266619276,16.0498756211,230.034779979,11.554138969,36.6701859341,210.0,177.011299074,68.066144301,92.5,69.0040759666,98.219601125,52.038447325,148.713921359,43.5114927347,1.72745916573,0.912905431166,1.18636494449,0.559959646289,0.0697715172575,0.315082639334,0.0502277915106,0.295895013385,0.426977177686,0.22621991044,0.18915180017,0.646484507136,0.143407448772,0.769497982394
gh,17.0,34.0,66.0075753228,18.0,223.00896843,11.776229506,35.6393184192,194.002577302,157.003184681,67.0298440995,89.0014044833,68.6025691939,93.857165198,48.0104155366,138.218412399,39.2045915678,1.63004355922,0.869931728166,1.23566014089,0.515092394073,0.0807142426906,0.33042802243,0.0528060803516,0.300570172453,0.42086722278,0.215284685072,0.175798273244,0.619788582371,0.165909886414,0.704021841752
gh,18.0,42.0119030752,76.0065786626,21.0249378106,262.04770558,11.2554322166,38.0334165168,213.002347405,176.025566325,76.1051903618,91.50136611,80.8258158016,102.237667568,65.1229606207,152.766321519,42.4264068712,1.56551675067,0.812838055319,1.21006483235,0.552740352407,0.0802332451795,0.295935344427,0.0429518441754,0.290424944547,0.390149065955,0.248515668078,0.161903370904,0.582971414235,0.141107059106,0.671730996213
gh,19.0,42.0,72.0,25.0,233.019312504,12.5498371576,38.8233711481,208.038457983,170.002941151,73.1095069057,97.5,73.5272058493,93.1514851044,47.0,149.968143376,39.0800460593,1.66429434956,0.892794917929,1.2237344635,0.583333333333,0.107287244698,0.323254699076,0.0538574980019,0.313748702286,0.399758647055,0.201700020032,0.167711618575,0.643586755809,0.163229032063,0.729565885866
gh,20.0,42.0,75.0066663704,27.0226805086,227.019822923,11.3589892736,39.3287215907,203.009851978,164.0,72.0069441096,91.0123617977,72.0733133691,94.3431427757,37.1214223865,146.048616607,43.0464865001,1.66379162736,0.894238438581,1.23786495108,0.559950228858,0.119032250843,0.288821726569,0.0500352309649,0.317183509274,0.415572268364,0.163516215935,0.189615540818,0.643329797047,0.171834562618,0.722403875963
gh,21.0,41.0121933088,74.0,23.5,231.002164492,11.028359395,38.6305973643,200.022498735,169.04733065,71.0,91.512294256,71.7517421391,97.3276675666,40.0124980475,146.504229087,40.0031248779,1.57496809902,0.865890149447,1.18323370127,0.554218828498,0.101730648506,0.285482496969,0.0477413682215,0.3073564274,0.421327946345,0.173212654243,0.173172078131,0.634211499314,0.134090380288,0.731799769158
gh,22.0,42.0,79.0253124005,24.0276925691,261.047888327,11.5433963806,41.0791805429,215.009302124,174.025860147,75.0599760192,97.5,74.5339687659,105.831789493,60.0083327547,164.979291648,49.5227220577,1.6729075675,0.823639308107,1.23550202218,0.531475279555,0.0920432366761,0.281003569888,0.0442194589452,0.287533358344,0.405411398542,0.229874806264,0.189707422554,0.631988608316,0.156995876273,0.666643431834
gh,23.0,36.0138862107,70.0071424927,26.0332963784,238.002100831,11.7606382913,37.033762837,203.0,163.012269477,72.0277724215,89.0014044833,76.2762249984,92.2018785493,49.0102030194,143.810100921,39.5506005011,1.63004892465,0.852933647607,1.24530503533,0.514431598383,0.109382632706,0.31756530772,0.0494140104238,0.302635027884,0.387399431465,0.20592340508,0.16617752685,0.604238787889,0.168014191402,0.684919456205
gh,24.0,38.0131556175,74.0067564483,27.0,229.002183396,13.6152108856,38.7645764259,200.002499984,159.003144623,66.0681466366,87.0129300736,65.0235534249,99.5241289893,43.0464865001,147.018567512,39.0288354938,1.63924085742,0.873365035297,1.25785248121,0.513644394672,0.117902805989,0.351228160886,0.0594545025016,0.288504439813,0.434599039684,0.187974131346,0.170429971082,0.641996357117,0.179034779291,0.694330256006
gh,25.0,36.0,72.0,23.0276925691,232.215417232,11.5056788864,38.085416143,200.0,161.00310556,73.8241153012,89.0056178002,76.0139789776,92.5886479439,45.0111097397,139.416638809,47.6707457462,1.70211224894,0.86126925759,1.24221206358,0.5,0.0991652184149,0.302101960582,0.0495474375628,0.317912204888,0.39871878038,0.193833425344,0.205286738988,0.600376325014,0.167934131613,0.693335125977
gh,26.0,34.0,78.006409993,23.5249378106,255.017646448,14.0571830539,37.6669126185,208.009615162,169.073948318,77.0064932327,91.0123617977,80.7639306869,102.743931681,53.0377224247,148.449421245,45.0249930594,1.54080139629,0.815667535402,1.23028779555,0.435861617052,0.0922482743379,0.373197113241,0.055122393488,0.301965351438,0.402889498481,0.207976675981,0.176556382221,0.582114309784,0.152678323976,0.662989211426
gh,27.0,40.0124980475,78.006409993,26.5,236.008474424,13.5475890272,38.8233711481,199.090431714,164.003048752,72.0069441096,90.0124991321,72.2711906641,95.325738659,46.0108682813,148.122136395,42.002976085,1.6055549453,0.843573232697,1.21394347988,0.512938591214,0.112284103631,0.34895447321,0.0574029769917,0.305103214134,0.403908117671,0.194954305745,0.177972321492,0.627613634452,0.148670013004,0.694903219693
gh,28.0,43.0,76.0,26.0,246.008129947,15.8765075523,42.5793377121,209.021529992,169.0,80.0062497559,98.0012755019,81.0246875958,98.3716938445,45.0998891351,156.02871511,44.0113621693,1.58345100119,0.849652936416,1.23681378693,0.565789473684,0.105687564088,0.372868823364,0.0645365157475,0.325217909559,0.399871719141,0.183326823975,0.178902063842,0.634242108763,0.162683769842,0.686969166574
gh,29.0,38.0131556175,69.0072459963,27.5207972894,237.210876648,12.2552060747,37.567289002,203.061567018,164.012194669,79.6303962065,93.5481159618,83.3824022201,91.0393069349,43.0116263352,141.937318395,46.0977222865,1.65085249063,0.856038179565,1.23808822526,0.550857450818,0.116018277401,0.326220134598,0.051663761156,0.335694540368,0.383790609526,0.181322319377,0.194332245376,0.598359233777,0.164618810494,0.691419369071
gh,30.0,41.0,72.0069441096,21.5,252.007936383,9.77624329364,36.5,206.021843502,165.012120767,66.0075753228,92.0013586856,71.0215636268,101.327560771,64.0312423743,145.135795598,43.5114927347,1.65474054671,0.817521251351,1.24852551767,0.569389529121,0.0853147734495,0.267842282017,0.0387933945016,0.261926573703,0.402080832158,0.254084229621,0.172659216052,0.575917559111,0.162731869971,0.65478938138
gh,31.0,43.0116263352,76.0065786626,20.5,246.008129947,12.7742004068,37.0540146273,200.022498735,165.075740192,69.0289794217,89.5055864178,72.0524982218,93.4016727972,64.0,142.2989248,40.610959112,1.63283672436,0.813072717465,1.21170135903,0.565893467276,0.0833305793773,0.344745381446,0.0519259278527,0.280596334099,0.379669049219,0.26015400391,0.165079743994,0.57843179748,0.142055299351,0.671017418115
gh,32.0,37.0540146273,81.0555365166,22.0,248.008064385,11.2781127252,36.6231030615,205.039020677,163.003067456,71.1125867902,89.0056178002,74.2840830865,105.219810754,50.0899191455,153.455342509,37.1214223865,1.47475742654,0.826743360886,1.2578844305,0.457143536638,0.0887067928801,0.307950768297,0.0454747822542,0.286734977617,0.424259634519,0.201968912865,0.149678287594,0.618751422012,0.169494299812,0.657249061074
gh,33.0,39.0,81.0061726043,18.0,249.0,13.3116193495,38.7660636806,202.002475232,166.027106221,76.0065786626,92.0,76.026311235,107.94502913,51.0,152.049318417,41.5481648211,1.43759439354,0.811254920612,1.21668370804,0.481444792985,0.0722891566265,0.343383312248,0.0534603186727,0.305247303866,0.433514173213,0.204819277108,0.166860099683,0.610639833002,0.144479393621,0.666775526991
gh,34.0,41.0,69.0072459963,25.5,240.018749268,10.7794346638,36.6355504432,205.00243901,165.003030275,75.2396172239,94.0053189984,79.0478494331,90.9113462575,50.0399840128,148.286077117,46.6717259162,1.72991679251,0.854110104462,1.24241620695,0.594140505218,0.106241700191,0.29423427609,0.0449108025798,0.313473915907,0.378767686003,0.208483646238,0.194450333812,0.617810390102,0.166651183946,0.687458920516
gh,35.0,41.0121933088,77.0064932327,19.5311288741,243.0,11.5433963806,36.0901482455,191.023558757,161.027947885,72.0069441096,88.0056816348,72.5017241174,97.96167666,55.0090901579,146.962510151,45.0111097397,1.54051257062,0.786105180068,1.18627580656,0.5325809758,0.080375015943,0.319848959946,0.0475036888091,0.296324872879,0.403134471852,0.226374856617,0.185230904279,0.604783992392,0.123438727867,0.662666452201
gh,36.0,40.0,70.0,21.0276925691,235.00212765,12.5249661036,38.085416143,201.002487547,171.002923952,68.0073525437,90.0124991321,72.25,91.9224872808,55.0090901579,142.949430059,41.5,1.69616312969,0.855321990302,1.17543304466,0.571428571429,0.0894787327219,0.328865150287,0.0532972455562,0.289390369456,0.391155978884,0.234079115402,0.176594145828,0.608289939705,0.127656561646,0.727665428657
gh,37.0,38.0,71.0070419043,20.0276925691,244.002049172,11.028359395,35.035689543,200.002499984,165.0,69.0651865993,89.5055864178,71.0633520178,96.6646376382,59.0,148.334069986,42.1455810258,1.62570082012,0.81967549315,1.21213636354,0.535158189679,0.0820800179222,0.314775006253,0.0451978146594,0.283051666303,0.396163220622,0.241801247982,0.172726340491,0.607921410864,0.143451664046,0.676223829103
gh,38.0,40.0,63.0079360081,18.0,228.002192972,12.525603205,36.554763691,210.002380939,169.002958554,74.1687265632,92.5,77.3534905483,86.7802827931,54.083269132,136.588802095,44.7800178651,1.8340119852,0.92105421532,1.24259588551,0.634840665069,0.0789466090891,0.342653102915,0.0549363277684,0.325298303479,0.380611614573,0.237205039245,0.196401698078,0.599067931383,0.179820298439,0.741233916881
gh,39.0,41.0121933088,65.0076918526,19.5276925691,222.009008826,12.7598039172,38.583904806,205.009755865,174.011493873,67.007462271,93.5213879281,70.2860227926,86.4381523536,54.0,134.812254561,40.0124980475,1.84685979141,0.923429895703,1.1781391637,0.630882163942,0.0879590097371,0.330702762755,0.0574742618991,0.301823167561,0.389345246892,0.24323337276,0.180229163938,0.607237766045,0.139626144705,0.783803750998
gh,40.0,38.0,68.0,19.0,242.033055594,12.7549980016,36.533950419,207.0,175.011428198,67.2681202354,90.5124300856,70.563800918,96.5420164985,61.0,144.692515743,40.1528330258,1.68280169995,0.85525507866,1.18277990261,0.558823529412,0.0785016738866,0.349127259859,0.0526994049235,0.277929475668,0.398879468185,0.252031689847,0.165898137043,0.597821299195,0.132166127983,0.723088950677
gh,41.0,42.0,73.0068489938,18.5810044953,234.034185537,9.50657439761,36.5136986287,205.00243901,172.011627514,65.3758365147,89.5055864178,68.132683053,96.5006032223,57.008771255,141.822331722,37.8318648761,1.65972115544,0.875950829745,1.19179407795,0.575288491133,0.0793944032263,0.260356380061,0.0406204519899,0.279343106926,0.412335501332,0.243591640786,0.161651020295,0.605989810405,0.140965779936,0.734985049809
gh,42.0,39.0,72.0069441096,23.0276925691,238.033611072,13.5830777072,38.3403572362,202.002475232,165.012120767,72.1110255093,92.0217365626,73.77711366,98.4149907307,48.0416485979,149.523373965,37.5832409459,1.53559667646,0.84863004986,1.22416749929,0.54161443014,0.0967413486917,0.354276242747,0.0570636963664,0.30294471938,0.413449975772,0.201827163742,0.157890479318,0.6281607597,0.155399711406,0.693230338454
gh,43.0,37.0,67.007462271,20.5276925691,227.035239555,11.5271304069,36.5884675706,206.00242717,171.026313765,68.1175454637,90.0222194794,71.2714879878,90.3427592255,52.0096144958,141.873656727,44.0709654988,1.83884934267,0.907358820479,1.20450720498,0.552177306019,0.0904163274797,0.315048187921,0.050772428234,0.300030715924,0.397923949614,0.229081681758,0.194115087971,0.62489707327,0.154055879051,0.753302941428
gh,44.0,37.0,72.0069441096,22.0311288741,224.002232132,12.3166614132,36.7185643422,192.02343607,156.028843487,63.0317380373,89.0,63.3763560013,95.3445192481,47.0,142.845916613,33.1850870121,1.54826146248,0.857238940176,1.23069191425,0.513839331158,0.0983522738345,0.335434177067,0.0549845476806,0.281388883662,0.425640933756,0.209819337748,0.148146233617,0.637698630294,0.160688544216,0.69655039596
gh,45.0,41.0,74.0067564483,24.5,243.0,12.35029174,36.7185643422,202.0,165.027270474,78.0,90.0013888782,78.532238603,97.0989917165,49.0,145.681087181,48.5412195974,1.62228065018,0.831275720165,1.22404012028,0.554003471678,0.100823045267,0.336350071448,0.0508242458435,0.320987654321,0.399584328051,0.201646090535,0.199758105339,0.599510646835,0.152151150314,0.679124569851
gh,46.0,41.0,69.0072459963,19.0,222.0,10.2749378106,37.6198297458,202.002475232,169.002958554,64.0,87.0057469366,66.7542133502,87.5104541738,53.0094331228,138.972713613,36.5136960605,1.74887363197,0.909921059605,1.19525999403,0.594140505218,0.0855855855856,0.27312557978,0.0462835036512,0.288288288288,0.394191235017,0.238781230283,0.164476108381,0.626003214475,0.148646471524,0.761274588081
gh,47.0,41.0121933088,71.0070419043,25.5249378106,237.008438668,12.7742004068,40.624126994,203.039405042,164.149322265,72.0277724215,96.5323779879,75.751650147,97.6504089962,47.0,144.330428791,41.0030486671,1.58594288614,0.856675847422,1.23691893601,0.577579240156,0.107696324882,0.314448613473,0.0538976606849,0.303903830708,0.412012371985,0.198305175394,0.173002484205,0.608967468,0.164087333751,0.692588513671
gh,48.0,36.0,71.0,24.5226805086,232.0,12.0104121495,36.6231030615,192.02343607,155.02902954,68.0294054068,89.0224690738,72.0069441096,93.0227665609,47.0106370942,137.158760758,39.5506005011,1.58043980304,0.827687224438,1.23862889834,0.507042253521,0.105701209089,0.327946327467,0.0517690178856,0.293230195719,0.400960200694,0.20263205644,0.170476726298,0.591201554991,0.159458648836,0.668228575602
gh,49.0,39.0,82.0,23.0,244.051224131,13.8415064558,37.483329628,194.02319449,158.0,75.0599760192,88.0127831624,73.5718186536,105.760920744,43.0464865001,148.849014208,41.1096095822,1.42664113595,0.795010126175,1.22799490183,0.475609756098,0.0942425102839,0.369270995751,0.0567155788915,0.3075582853,0.433355420038,0.176382997681,0.168446643644,0.609908902271,0.147605055529,0.647405070646
ngs,0.0,30.0,52.0,20.0,207.002415445,9.27769256907,27.0923337933,153.003267939,125.015998976,82.0060973343,66.0473315131,85.0091906796,68.6184120335,36.0,109.506273256,59.5021008032,1.65406521872,0.739137597067,1.22386949824,0.576923076923,0.0966172300793,0.342447152757,0.0448192478775,0.396160098702,0.331486045156,0.173911014143,0.287446408175,0.529009639917,0.135202620234,0.603934976833
ngs,1.0,29.0172362571,58.0,19.5,195.010256141,8.52931069216,26.1246571387,143.125818775,116.017240098,75.0599760192,67.5018518264,76.5261393251,73.4931969641,29.0172362571,101.888323207,49.0917508345,1.46046753852,0.733939955813,1.23365991687,0.500297176846,0.0999947407174,0.326485076794,0.0437377544185,0.384902709758,0.376868367944,0.148798513634,0.251739328003,0.522476741601,0.13901104082,0.594928914993
ngs,2.0,35.1283361405,62.0725382114,18.0808949231,223.32263656,9.31207189772,28.7139389696,156.540729524,127.251719045,90.0,73.1710325197,91.7622607612,78.7484226812,36.3455636908,118.598710617,67.007462271,1.54718056651,0.700962212948,1.23016593173,0.565923952085,0.0809631088082,0.324304927568,0.041697841478,0.403004376925,0.35262176685,0.162749124991,0.300047784243,0.531064438627,0.131151104653,0.569811108294
ngs,3.0,34.0,61.0,20.5730535863,263.047524223,11.5264761758,34.5579345089,199.022611781,171.002923952,99.0807751282,85.5058477532,100.374610834,89.0117793553,61.0,136.829781009,70.1783442381,1.74574522062,0.756603250186,1.16385502178,0.55737704918,0.0782104056938,0.333540656859,0.0438189874998,0.37666492175,0.338386683616,0.231897259555,0.266789601785,0.520171331827,0.106519488871,0.650083761315
ngs,4.0,34.0147027034,66.0302960769,19.5311288741,285.212201703,11.7716981903,34.0367377176,186.131673823,162.111073033,108.074048689,85.0367567585,114.12082413,93.0399282406,62.128898268,145.601037716,83.0541991714,1.52520839867,0.65260768197,1.14817372028,0.515137818916,0.0684792893066,0.345852716202,0.0412734732948,0.378925053149,0.326213001005,0.217833942227,0.291201423626,0.510500731902,0.0842201022464,0.568387579723
ngs,5.0,35.0142828,59.0338885726,18.0,238.052515215,8.50693909433,31.0402869863,178.179684588,149.053681605,93.0053761887,75.5810822892,100.019998,74.7517244982,48.0104155366,120.579752582,68.0018382104,1.72890197409,0.748488981214,1.19540612932,0.59312174154,0.0756135678036,0.274061225597,0.035735556445,0.390692684364,0.314013588266,0.201679933914,0.285658978016,0.506525849865,0.122351166746,0.626137814468
ngs,6.0,32.0624390838,56.2227711875,21.0692871479,218.515445678,10.5943895816,30.2075593821,167.451485511,145.880087743,89.1403387923,72.4430811051,93.9418037936,68.8155801743,39.1152144312,110.08793124,62.549980016,1.72855592591,0.766314184298,1.14787074852,0.570274968782,0.0964201275679,0.35071981313,0.0484834815622,0.407936100423,0.314923185227,0.179004345939,0.286249696546,0.503799312211,0.0987179542443,0.667596230054
ngs,7.0,34.0,74.0067564483,19.1126623907,285.015789036,14.0587597805,36.2217090197,195.064092031,157.0,113.216606556,87.5,115.358408883,102.960797303,54.0,148.446188836,80.3056660517,1.45554006539,0.684397494928,1.24244644606,0.459417513099,0.0670582582645,0.388130769115,0.0493262490054,0.397229244522,0.361245942377,0.189463187926,0.281758657382,0.520834966153,0.133550818921,0.550846676006
ngs,8.0,34.1320963318,57.3149195236,21.0415945788,218.112356367,9.52769256907,29.1458992969,169.664374575,144.419527765,84.5931439302,76.2364742102,88.9023340526,74.1545756598,39.0512483795,115.305274295,60.5309838017,1.73989578828,0.777876033257,1.17480216976,0.59551852494,0.0964713550817,0.326896503416,0.0436824979922,0.387842052322,0.33998337781,0.179041889373,0.277522029517,0.528650811975,0.115742396397,0.66213363686
ngs,9.0,30.0,60.0749531835,16.0710678119,237.033752871,11.7606382913,29.0172362571,170.144056611,141.127601836,81.0246875958,78.5,83.0541991714,88.5930273622,57.0,127.012763939,57.0788927713,1.55859512482,0.717805184073,1.20560439203,0.499376169439,0.067800756716,0.405298360848,0.0496158802234,0.341827636843,0.373757012616,0.240472081759,0.24080491525,0.535842522008,0.122414864648,0.595390319424
ngs,10.0,31.064449134,57.0,22.0,222.08106628,7.0089172119,27.5920034333,164.027436729,137.014597762,90.1997782702,72.0069441096,94.1464948896,71.4915406922,38.0131556175,117.492183702,66.6520817379,1.71754124245,0.7385926206,1.19715299981,0.544990335685,0.0990629249424,0.254019873143,0.0315601745314,0.406156993846,0.321916414982,0.171167926444,0.300125007748,0.5290508807,0.121635038139,0.616957582461
ngs,11.0,31.0,60.0083327547,21.5415945788,222.182357535,10.778629519,30.6057078808,168.026783579,138.014491993,83.1504660239,71.0017605416,86.6591743556,76.6042464572,42.0475920833,122.205722585,58.6728216468,1.67172210263,0.75625619173,1.21745753763,0.516594922354,0.0969545683903,0.352177102421,0.0485125355522,0.374244233189,0.34478095969,0.1892481138,0.264075070126,0.550024421114,0.135079544206,0.621176647523
ngs,12.0,31.0,61.0,23.0,231.07790894,12.5249661036,32.6925570224,169.0,145.013792447,92.2659200355,75.0066663704,95.073984349,79.2612066918,38.0,121.8943556,63.6258595227,1.57182101719,0.73135506884,1.16540638754,0.508196721311,0.0995335300788,0.383113688385,0.0542023517568,0.399284901178,0.343006421754,0.164446701869,0.275343756634,0.527503283022,0.103801387431,0.627553681409
ngs,13.0,38.0131556175,69.0072459963,32.5178344238,270.223981171,11.8454000636,37.0868749299,197.010152023,163.196200936,102.825094213,92.0122274483,104.077495166,95.6696637815,46.0434577329,152.155021167,73.7512711755,1.62783566362,0.729062428763,1.20719815101,0.550857450818,0.120336597377,0.319396015059,0.0438354879247,0.380518019784,0.354038392029,0.170389976246,0.272926447371,0.563070015132,0.125133050516,0.603929378247
ngs,14.0,29.0,52.0,14.5622577483,205.087786082,10.0062460986,30.5724115024,161.07762104,134.059688199,76.026311235,71.0440004504,82.3046930618,68.6551074747,45.0444225182,105.766431803,54.0578393945,1.73199239904,0.785408161634,1.20153659317,0.557692307692,0.0710049975501,0.327296592153,0.048790063464,0.370701311314,0.334759610927,0.219634837251,0.263583904372,0.515712972594,0.131738380708,0.653669780927
ngs,15.0,32.14031736,58.0775343829,24.0384048104,238.102918924,10.0311839092,32.07015868,174.183810958,152.003289438,97.0,80.6256782917,101.294434694,74.4034574842,43.0,121.298270455,77.0146090037,1.83227071342,0.731548406654,1.1459213258,0.553403612971,0.10095804335,0.312788720794,0.0421296133392,0.407386857912,0.312484440848,0.180594174126,0.323450923457,0.509436301762,0.0931551852476,0.638393221407
ngs,16.0,30.0,57.0788927713,23.0,235.306183514,11.2781127252,32.0078105936,178.179684588,147.054411699,95.5248658727,73.5153045291,100.948006419,75.8580496433,42.0,120.312090638,71.4492827116,1.79832751972,0.75722482906,1.21165820549,0.525588331228,0.0977449876434,0.35235501948,0.0479295212594,0.405959862364,0.322380179349,0.178490847001,0.303643880686,0.511300165773,0.132275626696,0.624949202364
ngs,17.0,37.0,78.0,23.0226805086,286.02797066,13.8085571055,36.7334930387,194.02319449,167.002993985,107.018689956,88.5127109516,109.260296998,103.941405103,56.0802995712,154.701697908,68.5456052566,1.37118009331,0.678336436964,1.16179470715,0.474358974359,0.0804910109157,0.375911898468,0.0482769467393,0.374154631484,0.363395946428,0.196065788398,0.239646511138,0.540862131598,0.0944669867154,0.583869450249
ngs,18.0,33.0605505096,54.0370243444,21.0702988277,215.020929214,10.0808749146,31.6567400636,164.109719395,131.034346642,90.0,76.0805494197,90.2586560946,73.9441796982,34.0147027034,120.130216343,67.5018518264,1.77392590312,0.763226724,1.25241758058,0.611812935866,0.0979918508621,0.318443241292,0.0468832264443,0.418563905984,0.34389294088,0.158192520271,0.313931541796,0.558690806437,0.153823969015,0.609402754985
ngs,19.0,32.0156211872,66.0075753228,15.5,275.089076483,10.7556788864,32.0078105936,189.010581714,168.0,107.168092266,76.5016339695,110.191878104,92.479291902,61.0,138.440172914,85.2481671357,1.65797161203,0.687088648271,1.12506298639,0.485029498972,0.0563453852774,0.336032945925,0.0390988948886,0.389575964399,0.3361794408,0.221746354963,0.309892956223,0.503255798754,0.0763773755869,0.610711272684
ngs,20.0,35.0142828,67.0,24.061085319,268.119376398,12.5100119904,34.0374166548,184.043473125,153.209007568,102.004901843,83.5014969926,106.252647026,91.839827354,54.0092584656,134.761856903,75.501655611,1.57859509669,0.686423620694,1.20125752426,0.522601235821,0.0897401957376,0.367537058327,0.0466583659802,0.380445841749,0.342533346854,0.201437356715,0.281597162523,0.502618865947,0.115002749788,0.571420870906
ngs,21.0,39.1152144312,70.0642562224,23.0882804315,282.143580469,12.539936204,40.0811555146,193.209730604,156.156972307,98.005101908,96.1873172513,102.519510338,98.8540752802,66.0075753228,149.674430182,70.5017730274,1.57500663857,0.684792226293,1.23727892357,0.558276310064,0.0818316702196,0.312863639857,0.0444452295641,0.347358964344,0.350367976177,0.233950300103,0.249879061257,0.530490291266,0.13132589526,0.553466331033
ngs,22.0,37.0540146273,69.0651865993,21.0276925691,273.089728844,10.7794346638,33.075615545,191.167465851,163.110392066,95.0,87.0919054792,96.75,94.9053632371,65.06919394,150.879458899,66.0075753228,1.5661049019,0.700017048098,1.17201279103,0.536507847901,0.0769992070302,0.325902768133,0.0394721350724,0.347871010756,0.347524469847,0.238270381737,0.241706546791,0.552490419678,0.102739395963,0.597277652136
ngs,23.0,34.0587727319,76.1051903618,18.0453610172,278.145645301,15.0332963784,38.2257619182,183.098334236,150.269757436,110.163514831,87.0129300736,111.04053314,102.321680253,52.0096144958,138.214011127,78.0400538185,1.38542990317,0.658282224903,1.21846429621,0.447522338095,0.0648773810485,0.393276565959,0.0540482895646,0.396064136514,0.367870869028,0.186986981009,0.280572624943,0.496912367537,0.118026571166,0.540255653738
ngs,24.0,33.0151480384,68.0,21.0276925691,265.152786144,11.7707972894,33.5369603851,184.002717371,153.013071337,96.0468635615,81.0061726043,97.3916064145,91.6308630958,60.1331855135,145.305485459,69.5880736908,1.59308219277,0.693949779095,1.20252940329,0.485516882918,0.0793040604055,0.350979848925,0.0443925084121,0.362232149087,0.345577598593,0.226786926843,0.262445191328,0.548006632597,0.116874676238,0.577075102857
ngs,25.0,29.0,60.0,22.5226805086,238.0,10.0065743976,31.0161248385,158.0,131.003816738,87.0057469366,72.0,89.7587043133,83.4520287059,47.0106370942,122.546666757,62.5319918122,1.4697038541,0.663865546218,1.20607173084,0.483333333333,0.0946331113806,0.322624907196,0.0420444302421,0.36557036528,0.350638776075,0.19752368527,0.262739461396,0.514901961162,0.113429341436,0.550436204783
ngs,26.0,36.0138862107,63.0079360081,20.5,236.052960159,12.0260033641,35.1210563538,189.066125998,162.012345209,86.005813757,85.5365418988,90.7555094746,82.5304525558,49.0917508345,134.80844008,55.0,1.68782132798,0.800947913852,1.16698592169,0.571576986844,0.0868449181326,0.342415764577,0.0509462086644,0.364349651446,0.349626848568,0.207969223523,0.232998560844,0.571094045969,0.114608945261,0.686338968591
ngs,27.0,37.0540146273,65.0076918526,19.0415945788,237.033752871,11.011381227,32.0397985862,160.04999219,130.384048104,82.0975030071,80.0062497559,80.7515479728,86.096718704,51.0098029794,125.591695502,57.5195618898,1.47434824418,0.67522025978,1.22752740475,0.56999431254,0.0803328401469,0.343678228731,0.0464549081878,0.346353639567,0.36322556455,0.21520058794,0.242664013851,0.529847306475,0.125154935644,0.550065324136
ngs,28.0,36.0555127546,67.007462271,21.0,245.0999796,11.7924954797,33.338551357,168.026783579,147.030609058,95.0841732361,79.1280607623,95.6059621572,88.9517903714,44.0,126.228258796,68.5656619599,1.49304064504,0.685543849711,1.14280138439,0.538082051351,0.0856793216966,0.35371949289,0.0481130006577,0.387940355569,0.362920431558,0.179518578793,0.279745686115,0.515007218693,0.0856637138666,0.599880135845
ngs,29.0,27.0185121722,57.008771255,19.0,220.145406493,11.0565797142,29.6106761155,160.012499512,134.014924542,85.1469318296,70.5070918419,87.1037456141,80.6297675357,37.0135110466,120.916383854,63.1268564083,1.58358375599,0.726849140578,1.19399014743,0.473936055408,0.0863065930045,0.373398421267,0.0502239855481,0.38677587321,0.366256870039,0.16813210703,0.286750731773,0.549256901518,0.118092743264,0.608756397314
ngs,30.0,30.0166620396,61.0,18.0,235.104232204,13.3107412588,33.6475180234,175.00285712,149.0,100.179838291,81.0246875958,102.897096655,82.5219052937,37.0540146273,124.615403125,74.7412202202,1.64321931568,0.744362853358,1.17451581959,0.492076426879,0.0765617863672,0.395593554613,0.0566163404804,0.426108187641,0.351001360206,0.157606752886,0.317906740851,0.530043215118,0.11060139954,0.633761453818
ngs,31.0,34.0587727319,63.0079360081,17.0867422823,235.034040088,11.2943786989,32.1026867572,181.0441935,154.081147452,93.0483745156,83.0240928888,97.0322111466,83.6962688238,40.049968789,127.454691413,67.091355628,1.61632106125,0.770289245899,1.17499250553,0.540547348313,0.0726990110707,0.35182035648,0.0480542252292,0.395893184157,0.356102753425,0.170400716313,0.285453781941,0.542281838687,0.114719748842,0.655569497057
ngs,32.0,27.0,54.0092584656,22.0415945788,219.082176363,9.06207189772,28.0890535665,161.152102065,138.057958843,81.0,71.5436929435,83.2635124169,75.5588674127,43.1045241245,119.112811255,57.5,1.6873640622,0.735578332936,1.16727860831,0.499914288163,0.100608798692,0.322619339106,0.0413638026067,0.36972428038,0.344888245438,0.196750483495,0.262458594097,0.543690104016,0.105413154119,0.630165178817
ngs,33.0,33.0,63.0079360081,20.5,228.03508502,11.3225990181,31.2009111105,165.048477727,135.059246259,92.0217365626,82.0060973343,93.5083552417,81.682854387,38.0525951809,115.430873458,67.507407001,1.59459685546,0.723785454824,1.22204500839,0.523743548682,0.089898446979,0.362893217381,0.0496528813411,0.403542010014,0.3582030124,0.166871668794,0.296039563364,0.506197866208,0.13151147976,0.592273975064
ngs,34.0,34.0,65.0307619516,17.5,230.034779979,9.75624609863,31.5080624193,174.071824257,144.013888219,85.0,76.026311235,89.7513927469,82.7458048586,44.0454310911,127.236492221,62.0020160963,1.62667964632,0.756719589413,1.20871553715,0.522829488379,0.0760754525972,0.309642845339,0.042412047863,0.369509341186,0.359709974579,0.191472920291,0.269533224941,0.553118499005,0.130666919325,0.626052670089
ngs,35.0,34.0147027034,60.0333240792,20.5276925691,226.035395458,9.25,31.0804739217,161.07762104,134.014924542,88.0056816348,73.5611990114,90.017012281,78.3328690754,40.0,115.794076697,66.0,1.59412486469,0.712621227811,1.20193793035,0.566597022989,0.0908162747142,0.297614509461,0.0409227943316,0.389344692924,0.346551339522,0.176963434947,0.291989667663,0.512282938971,0.119727693282,0.592893534529
ngs,36.0,28.0178514522,58.0086200491,26.5,226.008849384,11.2943786989,31.602383247,172.002906952,153.003267939,85.094065598,76.001644719,88.3009767783,76.2844400202,40.0124980475,121.67604296,61.6299440207,1.74613242197,0.761045009613,1.12417799482,0.482994620947,0.11725204598,0.357390093356,0.0499731702085,0.376507671402,0.337528553541,0.177039519278,0.272688189815,0.538368489955,0.0840659074412,0.676979102171
ngs,37.0,33.0151480384,57.008771255,23.5,243.032919581,12.0260033641,33.5963234207,176.01136327,149.003355667,105.118980208,79.5062890594,108.615146273,77.290439809,40.0124980475,117.383934497,82.1233827847,1.77768851942,0.724228485479,1.18125771384,0.579124006914,0.0966947195488,0.357955935045,0.0494830222378,0.432529800446,0.318024570261,0.164638182006,0.337910530501,0.482996026626,0.111129009392,0.613099476087
ngs,38.0,33.0151480384,58.0344725142,19.0764898913,245.165250392,10.3033008589,30.582875851,162.151164041,140.128512445,110.040901487,73.6087630653,112.283680916,75.5926511391,42.0119030752,117.655016274,89.0126395519,1.68722200509,0.661395380389,1.15716038951,0.568888569296,0.0778107413706,0.336897710638,0.0420259430829,0.448843795401,0.308333464951,0.171361573502,0.363072007185,0.479900867214,0.089827785795,0.571567594594
ngs,39.0,32.5576411922,59.2283715798,17.3737789571,243.577503066,7.70530830926,28.9551022316,150.26643005,126.921235418,99.4635611669,73.07701417,100.509949756,79.9098687487,45.5411901469,120.950882664,76.5849201867,1.45805582804,0.616914239445,1.18393450517,0.549696713311,0.0713275189143,0.26611228127,0.0316339079441,0.408344612761,0.328067525706,0.186967965324,0.314417050929,0.496560154944,0.0958429836021,0.521071255843
ngs,40.0,31.0,63.0,14.5,232.077573238,8.75734659148,28.0801278403,155.012902689,133.003759345,94.0053189984,71.5157325349,97.525958083,78.6481936887,45.1774279923,112.61879778,67.0167889413,1.44870289989,0.667935727378,1.16547760343,0.492063492063,0.0624791090225,0.311869897505,0.0377345663749,0.405059901682,0.338887521924,0.194665203371,0.288768914662,0.485263596172,0.094835287341,0.573100440037
ngs,41.0,27.0739727414,54.0370243444,24.5356688476,208.34586629,11.543477798,30.1081098101,168.074388293,146.123235661,78.1600921187,73.5272058493,81.9184045255,71.7681711246,37.1214223865,117.17408358,58.1743070436,1.86608265534,0.80670853368,1.15022355981,0.501026343879,0.117764125992,0.383400946483,0.0554053603441,0.375145874073,0.344466498917,0.178172108944,0.279219876447,0.562401768113,0.105359194415,0.701349339265
ngs,42.0,29.0172362571,59.0084739677,22.0,241.018671476,11.261111103,35.0071414,183.024588512,153.117601862,93.0053761887,84.5133125608,98.2512722564,81.4465894697,47.0,126.441512292,67.0,1.7259559572,0.759379293692,1.19532037,0.491746935753,0.0912792351949,0.321680395846,0.0467229822239,0.385884527614,0.337926472546,0.195005638825,0.27798676173,0.524612933585,0.124085766745,0.635293526947
ngs,43.0,34.0587727319,62.0080639917,18.0810044953,213.021125713,10.0124921973,30.0083310198,163.012269477,139.0,83.0060238778,75.0266619276,90.0124991321,71.8069466545,37.0,105.446299607,60.0020832972,1.63010231862,0.765239921305,1.17275014012,0.549263604431,0.0848789266077,0.333657083116,0.0470023438461,0.389660995359,0.337088382264,0.173691693142,0.281671984862,0.495003954438,0.112722479503,0.652517441802
ngs,44.0,32.0,62.0322496771,25.0831719995,234.1367122,11.554138969,34.1207701386,172.185946,150.083310198,95.0052630121,86.0711914638,96.7580745985,80.8092968676,38.1182371051,123.650681236,70.5017730274,1.67824632014,0.735407721335,1.14726911189,0.515860704175,0.107130452819,0.338624800145,0.0493478312751,0.405768331328,0.345137232466,0.16280333292,0.301113705599,0.528113169754,0.0944005559594,0.641007165376
ngs,45.0,31.064449134,63.0,21.5384048104,218.057331911,11.8195040418,30.5807425222,164.012194669,133.003759345,81.3941029805,75.0266619276,83.1989332864,82.4050525702,36.0138862107,118.734950476,56.817690907,1.55454812614,0.752151708138,1.23313954038,0.493086494191,0.0987740454388,0.386501538777,0.0542036534071,0.373269278622,0.377905442794,0.165157877954,0.260563084071,0.544512534552,0.142203130945,0.609948577193
ngs,46.0,34.0,58.0,17.0276925691,222.110332943,9.77493781056,31.0080624193,180.024998264,154.029218007,83.0963296422,75.5264854207,87.9221957187,76.4114126477,47.0956473573,116.886767745,60.7062599737,1.80893107048,0.81052059073,1.16877174729,0.586206896552,0.0766632166251,0.3152385879,0.0440093789471,0.374121854401,0.344024573892,0.212037174197,0.27331578486,0.526255425383,0.117039940971,0.693480649759
ngs,47.0,28.0713376952,62.0,20.0311288741,216.009259061,11.8571060544,29.2913187067,162.00308639,137.003649586,81.1541742611,75.0149985003,83.108739011,81.6799226045,37.0135110466,118.014372796,58.1055074842,1.57282696729,0.749982140093,1.18247277995,0.452763511213,0.0927327326673,0.404799325462,0.054891656524,0.375697665063,0.378131580839,0.171351502281,0.268995448329,0.54633941762,0.115733172331,0.634248967762
ngs,48.0,31.0,60.0083327547,21.0,235.076583266,9.26351349194,31.0402869863,165.003030275,142.014083809,95.4253635047,76.5016339695,99.5718961354,76.6606635767,43.0116263352,116.854585139,73.3842626181,1.66667601919,0.701911810963,1.16187793386,0.516594922354,0.089332589866,0.298435175423,0.0394063643568,0.405933088608,0.32610931515,0.182968570232,0.31217172548,0.497091558487,0.0977934345786,0.604118376384
ngs,49.0,25.0,61.0327780787,19.0771284847,226.221130755,10.5237557774,27.1566001501,157.11460785,132.034086508,88.1419309977,68.0900139521,90.4025718661,79.9738002849,38.0131556175,121.576311673,66.1211010193,1.52473793406,0.694517825661,1.1899548973,0.40961596026,0.0843295602894,0.387521107918,0.046519773561,0.389627311576,0.353520469189,0.168035388607,0.292285255576,0.537422438247,0.110867279545,0.583650546116
