0,1,2,3,4,5,6,7,8,9,10,11,12,13,14,15,16,17,18,19,20,21,22,23,24,25,26,27,28,29,30,31
-0.283059595098,-0.614856286175,-1.00141291192,-0.604551192305,0.203121690572,-0.261099767958,-0.0341007327639,-0.314858955415,-0.303205030252,-0.156671181661,-0.193548804414,-0.237711121662,1.25035432537,-0.383645241741,0.246899864258,1.10688395693,-0.00123930178339,0.978037950527,0.328052964088,-0.987820099025,0.491872859786,0.221232562429,-0.282628874276,-0.202633247886,1.26914541641,0.263690652103,-0.344904875353,0.732365632231,-0.281747511594,-0.0674577744287,-0.0377699197082,-1.43101394057
-0.595105130484,-0.407687814603,1.1118998003,0.507292221442,1.09262026897,0.519992225061,-0.635225294129,-0.961101136633,0.685613023722,-0.0601341183251,0.611709953035,-0.408155056184,-1.14720577732,-0.435979477994,0.540045108941,-0.381671938615,-0.658684515732,1.2034870947,-0.386337333592,1.09642545433,0.973248873941,1.07173715922,0.671503089908,-0.430891949093,-1.15787190998,0.530502812337,-0.461230974269,0.491964524567,-0.984104191497,-0.720000147798,-1.35975362997,-0.70104591006
-0.913137436862,0.184950367866,-0.481350749829,-0.604551192305,0.230877676582,-0.94304596971,-0.80838134761,-0.597958948204,0.465160405195,-1.45538191779,0.208242157382,-0.0209695004899,-0.747285567044,-0.253351951428,0.586989462562,-0.518074136751,-0.773677783617,-0.775697758196,-1.48879411254,-0.465635210777,1.16228248088,0.249000144911,0.494050451979,0.0117434709119,-0.723784733678,0.606192064059,-0.215742714645,-0.966894720133,-0.564790025728,-0.547127764182,-1.36372032281,-0.279171666026
-0.283059595098,-0.413439914891,1.65658075818,0.475377099988,0.741097387705,0.132933092436,-0.647163370912,-0.964670827909,1.12707933474,-0.755259093859,1.01655175471,-1.19415180732,-1.53774005014,-0.785989951628,0.837619071993,0.10239547818,-0.668884961257,1.17256451333,0.0755051282859,1.64165830686,0.858697227331,0.722958513609,1.11680029877,-1.20270218737,-1.5445251191,0.829492814727,-0.804618929383,0.464839117944,-0.986048823148,-1.07687004262,-0.562856164592,-0.41056916609
-0.600885590435,0.183136896856,-0.127295072023,0.467397579944,1.44957375071,0.322004446371,-0.655660431101,-0.783696035012,0.355281799111,0.189373610943,0.316294989336,0.429993120174,-0.747285567044,-0.270511592997,-0.0461266445547,-1.56431439179,-0.676907505268,0.456462702138,-1.0563735901,-0.14027604645,1.59712310796,1.42846434595,0.340883311077,0.396106999908,-0.759630935937,-0.055867286487,-0.295716788234,-0.0320203271064,-0.805611609695,-0.258700586208,-1.45847463384,-0.963369591416
-0.288633744009,-1.01385287769,0.244419352618,0.475377099988,-1.01423683714,-1.58273437952,-1.88818814767,-1.71236727222,1.23692643441,-1.19617603857,1.15043658331,-1.02248266758,-1.14720577732,-1.56173270051,1.36742681911,-1.00249559136,-1.90073660618,-0.724659635143,0.850439050303,0.230857097783,-0.0691145098249,-1.02428657493,1.22727808601,-1.03375927416,-1.15686915383,1.36037696639,-1.56976334351,-1.48093961448,-1.72983751171,-1.23829989477,-1.27672843928,1.0506395778
0.648121795271,-0.20833413522,-0.291741929787,-0.537731077651,-0.662770517527,-0.463649121407,-0.502378539191,-0.599110272748,-0.0720332970242,-0.589224119558,0.23930121383,-0.412144156565,0.252584639163,-0.579723941921,-0.139523377058,-0.81874402973,-0.471932090978,0.336043150075,1.15974353527,-0.277088603263,-0.513443338468,-0.646850600174,-0.0514575094066,-0.378765653787,0.271171569137,-0.126975074077,-0.543128863851,-0.00197254076417,-0.569450958528,-0.518750725834,-0.360204151613,-0.873426249031
0.0290001555229,0.582133488372,-1.54351778325,0.467397579944,-1.01866243996,-0.271218709461,-0.347524080466,-0.41335362966,-0.303989837394,0.621043508291,0.100927449842,0.382847882652,0.252584639163,-0.365215681114,-0.4842886624,-1.66396130137,-0.371037413443,0.220925433977,-0.626195839066,-1.55518717207,-1.13889740944,-1.02848865885,-0.322198143655,0.349708739534,0.232906892071,-0.494935816294,-0.389130479028,-0.0290333427706,-0.437191081946,-0.18621540242,-0.674220647211,-1.25706957547
-0.288633744009,-1.00571347869,0.580816283589,0.475377099988,-0.120073086886,-0.625039176448,-0.643713284256,-0.871843160281,0.795482937914,-1.09730286066,0.58461787032,-0.537177157641,-0.747285567044,-0.348837291124,1.02573412144,0.634189626957,-0.66546037654,0.831268701729,0.839180963548,0.566930011665,0.3688130489,-0.134243417162,0.783300046054,-0.55616075711,-0.759896432081,1.017990055,-0.373438726838,0.234337305183,-0.89370630891,-0.821428728428,-1.38900869911,-0.40992457426
-0.595105130484,-0.812359798434,-0.822825446496,0.488675643518,-0.139749770268,-0.621402295142,-0.020017617444,-0.487975537612,0.904674829531,0.199186567016,0.853458057161,-0.444404450694,-0.149938074851,-0.499733706418,0.49291237715,-0.00506072146764,-0.0470999217286,1.66357575578,0.112376321388,-0.835688755899,0.338278751598,-0.154222049396,0.892565067076,-0.465569368513,-0.167430610221,0.48375055017,-0.523036698994,1.19069290558,-0.512543469012,-1.15140288715,-1.34498313505,-1.05373462544
-0.907134812751,-0.812359798434,-1.34132798203,-0.561783913754,-0.330965114977,-0.609843241795,-1.27277159714,-1.15637889991,2.12825764713,-1.02007048196,1.93680406669,-1.07232480331,-1.93699268498,-1.63803057957,1.86115110968,-0.655124178152,-1.2390685073,-0.459368255218,-0.360819722421,-1.33008720943,0.0629008277994,-0.314314614494,2.17309674643,-1.03031585641,-1.91188665688,1.88802533711,-1.5906534437,-0.971756442017,-1.12523187836,-1.82337129186,-1.86983900626,0.964614183896
0.0290001555229,0.184950367866,-1.1768811243,0.488675643518,0.741097387705,0.322004446371,0.196901974988,0.23965360128,-0.0226654738156,0.54168347332,-0.11068750231,0.428618442898,0.671138202016,0.0403561930596,-0.176397057325,-0.257576090164,0.16820297194,-0.155478939721,-0.189875577811,-1.18938152047,0.697658046075,0.72251163373,-0.0400418477401,0.393536151634,0.647543758721,-0.186877221178,0.0096414367205,-0.020929499034,0.211238013035,0.412782079119,0.531505450768,-1.12554435785
-0.283059595098,-1.01385287769,0.757844122492,0.464737673633,0.203095985203,-1.40550276453,-1.11897032878,-0.87774484087,0.575039011279,-1.54189914213,0.530681844046,-0.429350667341,-0.747285567044,-1.17943958982,0.538089379239,-0.997091543745,-1.13667832979,-0.910438653845,0.85906654275,0.744128777031,1.60280909239,0.187767441661,0.562017142265,-0.449479381197,-0.75954243057,0.529625039381,-1.19211576856,-1.23957051989,-0.899037412404,-0.75413089037,-0.741457433216,0.326611139325
-0.288633744009,-1.41284946921,0.952530708229,0.475377099988,-0.683794391525,-0.274720985506,0.192952522409,0.427829672642,-0.0834696161425,-0.587585785814,-0.0310163518593,-0.579592745502,0.452568351779,-0.00698368997913,0.00352198245224,1.13738371739,0.165021149129,-0.789952490206,1.42627814753,0.938286396193,-0.686901765474,-0.695366917863,-0.100699002515,-0.597902753824,0.431114341698,-0.00629890423992,-0.036255589867,-0.522100718622,0.399173924697,-0.225095166943,-0.0750113113336,-1.2004805875
-0.283059595098,-0.198934706143,1.1118998003,0.59503438315,-0.662770517527,-1.00520690745,-1.34556312739,-1.23948469099,1.13501660851,-1.10656631616,0.995533392433,-0.406904963835,-1.95031401799,-0.863573632513,1.13191689993,-0.995373222927,-1.36791156106,-0.423565329872,-0.182891244159,1.0934674671,-0.0657031262309,-0.677681312835,1.11967378872,-0.434345395129,-1.95737281148,1.12101746962,-0.88780606477,-1.01255505104,-1.26529264472,-0.777352240365,-0.776715805022,0.270898565262
-0.913137436862,-1.01181739271,1.29775701264,0.507292221442,0.551338130254,0.295986739534,-0.655660431101,-0.412221022677,0.271731999582,-0.590534955759,0.486418549753,-1.08998707016,0.252584639163,-1.05418206197,0.451552489759,0.435720560324,-0.678965594499,-0.880261214384,-0.118763935108,1.28207608106,0.478004391344,0.533029407573,0.25530756998,-1.10179637203,0.231395507468,0.441843568439,-1.07089703936,-0.998728003163,-0.438173802095,-0.391241334843,0.304054638317,-0.315767140884
-0.288633744009,-0.614856286175,-0.114714090884,0.475377099988,0.212343766888,0.126805391625,-0.501592449735,-0.688893005655,1.34483557624,0.102862220886,1.33756314493,-0.907497533588,-1.34715846318,-0.581225713652,0.927769577703,-0.357595539163,-0.524390039993,0.66903520454,0.31976380519,-0.127930427259,0.180595937592,0.196641550494,1.33580678714,-0.920600183156,-1.35534815456,0.91982647766,-0.602652216715,0.204160469772,-0.711712322959,-1.09771460447,-0.74966745003,-0.82310097596
0.0290001555229,-1.21127329165,-0.835406427634,0.488675643518,-1.57177546763,-0.842024603982,-1.11869320566,-1.06029872574,1.35452505066,-0.935263779597,1.17731700457,-1.14318927979,-0.347348173281,-1.16036231798,1.61205798972,0.708265397733,-1.13758709175,-0.236138977219,1.63112037288,-0.848256840393,-1.49635466823,-1.57956033677,1.34497010617,-1.15321445762,-0.363373637226,1.60510054297,-1.17459937386,-0.76472909605,-1.08184024817,-1.34845865268,-1.02209808353,0.291940422058
0.341072701475,-0.79641586565,-0.999853285399,0.560473563026,-0.335865740202,-0.460281450624,0.199616471319,-0.214601074121,0.691174270473,-0.0601341183251,0.615496102841,-0.20839290083,0.0501036966098,-0.625826079289,0.689432698501,0.956581566534,0.166911147003,1.43691594116,1.50942038027,-1.01425179832,-0.0692899200568,-0.351475958222,0.674934958482,-0.237218824823,0.0284725586351,0.678783040245,-0.651475621155,1.16588754291,-0.244475269371,-0.605968430813,-0.709872758675,-1.05387054314
-0.913137436862,-0.213977802737,0.0673915137148,-1.67384005824,0.216986830928,-0.798494280277,-1.96642373183,-1.71407137546,0.575039011279,-1.88796753857,0.423526598078,-0.305547538146,-1.14720577732,-1.29587284002,0.344252195301,-2.6290104918,-1.87952875149,-1.03231953024,-1.06656488029,0.1166985819,1.00113217422,0.268948806166,0.648651972122,-0.211240705098,-1.0886499164,0.388347145842,-1.190881704,-1.67537112291,-1.62981141357,-1.04762705468,-1.17927425319,1.33107348128
-1.20044897641,-2.00228093123,-0.107685649412,0.634905351662,-0.316308302758,0.11703432714,0.202823722821,-0.0290484616528,1.26630312815,-0.751601924349,1.27703413814,-1.91056526443,0.25014546807,-0.581344121598,0.9478169113,2.19130557545,0.165962821655,0.786527707658,0.802616858777,-0.12538297237,-0.495438841182,-0.334150739738,1.24991493678,-1.91515599082,0.224145331744,0.935557813683,-0.611857547815,0.69134056003,-0.0640289070961,-1.23119182052,0.341190722704,-0.680364314871
0.653156805866,-0.0163613989015,1.82884052934,1.55784601728,0.933673669453,1.08580765084,1.11614213139,1.07771646684,0.482979077614,1.48594875674,0.241214100475,-0.306611818417,-0.738958519463,0.789328436479,0.11502995257,1.62050356083,1.01700525196,0.111841970724,0.920159665157,1.77382780966,0.328392889005,0.877492260413,0.426272720862,-0.387282602766,-0.78750649031,0.0801811575374,0.680996387069,0.646785797533,0.981281500305,-0.158023428753,0.600286793184,0.223720661029
-0.907134812751,-0.806377839522,-0.46876976869,0.475377099988,0.0588103892636,-0.432349159116,-0.731356959575,-0.32084974841,0.147394690854,-0.236504802245,0.210205849815,-0.557782476292,0.65952825282,-0.571933855149,0.160068054272,-0.505836685295,-0.752456226696,-1.46322337231,-0.368202701367,-0.481645076465,0.445641306566,0.0438157114654,0.131490809289,-0.576438847965,0.636548912706,0.150565220277,-0.593487305639,-1.47270825052,-0.345592605015,-0.542406858157,-0.530555862971,-1.08657568672
-0.907134812751,-1.20504234915,-0.481350749829,0.475377099988,0.0414518261898,-0.467286002714,-0.271260124543,-0.0418397536861,0.684917617363,-0.936615574509,0.800993367697,-0.756694647601,-0.149938074851,-0.763170248078,0.733037897651,0.429117113877,-0.295760234141,-0.803529734578,0.143991564194,-0.494213943061,0.452544110329,0.0265371380552,0.672099915658,-0.772192156045,-0.166951498188,0.724699163708,-0.782110994127,-0.756035123041,-0.0680408251559,-0.848526254891,-0.759279062313,-0.558625814214
-0.600885590435,-1.59285233535,0.768865477111,-1.66309370835,-1.54668021051,-1.39417412664,-1.49957796949,-1.43542705005,0.356004653387,-1.62733490956,0.315648755013,-1.03773893803,-0.147373858147,-1.19614400013,0.588712476373,-0.467598136044,-1.41197625416,-0.268021716875,1.18869598182,0.82422272082,-1.04142013289,-1.50457438773,0.42570657196,-0.93963624263,-0.0865579751554,0.63549692711,-1.09211601553,-0.929405497289,-1.35035159364,-0.716064455804,-0.38009364208,0.766285235326
0.648121795271,-0.413439914891,-0.810244465322,0.467397579944,0.0172513247761,0.670992698648,0.42209630599,0.701190112057,0.0324164621725,0.796417929449,0.0243405687213,-0.22873496237,1.46952956362,-0.264089544732,-0.13729023858,0.823338481501,0.392922624686,-0.915670540907,1.43335794083,-0.822592951767,-0.476235002743,0.00268957880195,0.0161521898838,-0.252184082697,1.44092755596,-0.147219489253,-0.289382242469,-0.514354702244,0.671568779696,0.219829853362,0.551071962821,-0.762689441155
-0.288633744009,-0.415357990417,-0.645797607593,0.531225453308,1.4610613365,0.881819705633,0.576175733447,1.16823845271,0.0376784470131,0.362396758734,0.132745117827,-0.268694549654,0.459707644181,0.200830887561,-0.131340299658,0.359583368577,0.542213426699,-1.86087063967,0.0697341244908,-0.659929861286,1.12152258672,1.43754216135,0.0190458919067,-0.294959575842,0.436032145158,-0.14268024381,0.165336090115,-1.2471240183,1.1323520583,0.234775753677,0.666792895795,-0.447455508109
0.0290001555229,0.981130079888,-0.835406427634,0.488675643518,0.392623386696,0.143627584442,-0.577307492061,-0.593354828881,0.687698908646,-0.325848496221,0.560246026576,0.571036829336,-1.35018870361,-0.405637391904,0.102053910573,-1.92903069399,-0.600236319954,0.0439750034569,-1.03485969796,-0.848256840393,0.399734966801,0.375664978779,0.67435688315,0.533684163379,-1.35876146258,0.0921222116125,-0.430231686916,-0.281871555046,-0.617365520289,-0.149733145463,-1.02177922983,-0.478358943698
0.965251386244,0.398654820219,0.403788444686,0.560473563026,1.28519655072,1.26280240604,0.812930812912,1.16823845271,0.0286557889314,1.67239858914,-0.0831374218751,0.733770335054,-0.738958519463,0.634649630408,0.100872605676,0.562184368011,0.775451198747,-1.12032642293,0.837659159999,0.387482973791,0.60850805219,1.26147738167,0.00887633448763,0.689615248832,-0.754464148767,0.0892605741098,0.591287221301,-0.506093314682,1.13059259092,0.609100077458,0.558841834547,0.35530280607
-0.595105130484,-0.812359798434,-0.449160346044,0.488675643518,0.551338130254,0.292725850966,-0.267408790966,-0.0418397536861,0.794796223447,-0.152882986791,0.987758599798,-1.07412076939,0.252584639163,-1.41904992698,0.929392118334,1.15671417595,-0.292647291402,-0.790247433708,0.112376321388,-0.462406666087,0.480676121201,0.533638534875,0.782062431808,-1.08524700757,0.232100716507,0.921090025916,-1.42973695972,-0.744308994397,-0.068766822978,-0.776567015876,0.32695255619,-0.761812039118
-0.266358416963,-0.18578950333,0.960620112804,-1.63085791251,0.793416414769,0.910306621135,0.360406119027,0.613508595605,0.465873872553,0.212972708865,0.289110144601,-0.169841834702,-1.34715846318,0.37649531414,0.246899864258,0.554911358834,0.450962085405,-0.837365553291,-0.174555324002,1.01663160301,0.293229421249,0.847033182244,0.536015161167,-0.078730859535,-1.29047093071,0.288756691755,0.472606286366,-0.422287051681,0.706463201172,-0.385657457654,-0.78041069886,-1.1916362865
-1.84989297614,-1.21335117345,0.403788444686,0.467397579944,-0.330677326546,-1.2089260874,-0.886761639594,-0.784866706203,1.23496466394,-1.10416392409,1.22971825698,-0.931845962651,-0.738958519463,-1.6897810582,1.26855107793,0.391460164787,-0.906309027716,-0.38977087175,-1.33445043255,0.390315625658,0.605717795703,-0.343648572772,1.22564970958,-0.944154874344,-0.751364952179,1.26153036492,-1.69564791232,-0.753297000678,-0.806776206786,-0.410683758885,-0.160364166451,0.967618780741
-0.266358416963,-0.597268696409,0.944676672718,-0.508336837847,-1.37012167802,-0.638440029288,-0.101226501493,-0.0243009377484,0.0263985387501,0.121386199692,0.0740442415145,-0.661343733116,0.459707644181,-0.489133474487,0.294666035992,1.28435144107,-0.0734661744827,-0.277165286022,0.330395836701,0.963011023212,-1.35811073262,-1.35498347858,0.0468946326103,-0.62671942497,0.476589200631,0.309436369116,-0.45505700639,-0.240954026162,0.00343994621412,-0.370053482155,-0.178228007214,-1.49335257933
0.0290001555229,-0.198934706143,0.255401912612,0.467397579944,-1.56547782824,-1.00221346023,-0.339254921221,-0.412221022677,1.23496466394,-0.650338002114,1.04164636451,-0.615371302889,-1.34715846318,-0.552244263379,1.51344224258,0.868290545271,-0.362829071546,0.246315924027,0.262938773668,0.242066522132,-1.37113197389,-1.57280436085,1.22564970958,-0.632694493712,-1.3551047628,1.50692818339,-0.573610693098,-0.00606048270332,-0.436064352359,-1.09313290542,-1.13943020185,-0.60777349831
-0.595105130484,-0.806377839522,-0.0970553440142,-0.604551192305,0.0218943887452,-0.210322890355,-1.65096590312,-1.24599842833,1.79912390908,-1.09284548147,1.69397165763,-1.46170469875,-1.94698091408,-1.54654032812,1.62076793776,-0.922884346092,-1.61425769978,-1.57182013239,0.104709793406,-0.0797712359286,0.206427949246,0.0399294744747,1.84244775018,-1.41327165013,-1.92065161788,1.64730178859,-1.49770438226,-1.92782010584,-1.21269793132,-2.08187998149,-1.67223413508,0.995559750006
-1.53113870393,-1.01385287769,-1.89757346105,-3.80156234496,-1.02011559677,-1.78766048963,-2.04316164309,-2.17669256797,1.23692643441,-1.62733490956,1.09529621845,-0.691799033636,-0.924432571804,-2.16643501857,1.51252035639,-1.13690406788,-1.85738239082,0.541995629452,-1.07267080514,-1.82289705067,0.116215422244,-0.91908409928,1.4157954278,-0.480925541703,-0.794120943328,1.63651685624,-1.94915122156,-0.646907689375,-1.99660954841,-1.26109418985,-1.5253433451,2.41321037193
-0.283059595098,-0.612900608492,0.237781960402,1.5446132981,0.564538855216,-0.045095892474,-0.267408790966,-0.503187194908,0.581375818997,-0.322966111685,0.402402041509,0.229277696424,-0.525732068481,-0.764390904538,0.551981587461,-0.0614651859907,-0.348737934877,0.832455666685,0.325552757105,0.192655562642,0.783674119098,0.512329295723,0.525264305237,0.138191903675,-0.576462856757,0.516160431353,-0.84308055852,0.421868379499,-0.582791996613,0.200223467771,0.0709312271514,-0.969069827221
0.0290001555229,-0.614856286175,-0.481350749829,0.475377099988,-0.683794391525,-0.61050773778,-0.579681799564,-1.06350093921,1.01723300316,-0.850095419821,0.990949065139,-0.510832942766,-0.950105160692,-0.713448019259,0.833497098992,-0.457220222718,-0.601902186283,1.81105656063,0.792108143331,-0.494213943061,-0.425946046378,-0.695366917863,1.00632328677,-0.530234907018,-0.961221207247,0.825362467097,-0.733068077389,0.933251443273,-1.08436240895,-0.959647564042,-1.05318700751,-0.0654799326379
-1.53113870393,-1.61017956137,1.1118998003,-1.60668426922,1.09262026897,0.511083552728,-0.500282421981,-0.597958948204,0.575743332375,-0.23936601632,0.450409912062,-0.802528682549,-0.539216436041,-0.84260975316,0.392258692758,0.376929698396,-0.413108807004,0.339430726616,-0.318476050668,1.1684295859,0.980799726204,1.14693700299,0.646620276213,-0.708804126778,-0.481390786095,0.435242385155,-0.743118826016,0.0333142718189,-0.511881498084,-0.75434209643,-0.780128695666,-0.604969730867
-1.21914674238,-0.20833413522,0.255440707272,0.531225453308,-0.843557064283,-0.827493165314,-0.332024286306,-0.314858955415,-0.630346427593,-1.09284548147,-0.677899706861,0.187779472055,0.65255476368,0.183215527126,-0.431372543098,-0.466302932512,-0.359039384013,-0.0737706708893,-1.51033451598,0.240206492069,-0.474345951823,-0.855859929724,-0.652639912354,0.154148620887,0.627408220996,-0.44324396365,0.147965906901,-0.238312798591,-0.342610854313,0.127409033666,-0.476900073486,-0.489387709526
0.356663660083,-0.995548742574,0.256174739716,-0.561783913754,-0.134849145043,0.165717266876,-0.317318814535,-0.111521652556,0.251993274415,-0.371099037901,0.210860310512,-0.514015165282,0.459707644181,-0.447630888522,0.264549181464,0.186473328877,-0.286079474238,-0.726490663843,1.82205202137,0.273615300239,-0.297729895498,-0.118155868711,0.276909957883,-0.478208426747,0.478685018414,0.280422271176,-0.410824051482,-0.692137157814,-0.0807956403222,-0.522435714377,-0.475371335673,-1.261931575
0.0290001555229,-0.20833413522,-0.626188184947,0.467397579944,0.379422661734,0.194722699436,-0.335897274937,-0.690827599119,1.14823008702,0.109348833786,1.02477865699,-0.024129438717,-1.13838993075,-0.276156330055,0.956704865488,-0.471144876564,-0.359496119921,1.28091836049,0.274438036362,-0.638707123539,0.340906465251,0.363205289498,1.13841390893,-0.0508203644797,-1.14786719929,0.949038974214,-0.301284610847,0.728755364529,-0.713225110165,-0.39707405929,0.0526546842739,-0.905589232297
-0.283059595098,-1.40436401959,-0.293301556307,0.59503438315,-3.12583678001,-1.02743010274,-0.113380389603,0.520668818652,-0.193337476681,-0.502713819655,0.0474725961123,-1.2438712465,2.05851988396,-0.869755621979,0.294666035992,1.6446523881,-0.145517114779,-2.09782874892,1.42250870131,-0.309599295491,-3.61031699425,-3.12803287383,-0.215563690157,-1.25756177335,2.01970118167,0.282532358364,-0.893900200808,-1.72607329304,0.484687385819,0.191296718003,1.89736086906,-0.768250187452
2.21371702233,2.98911765293,2.37255280407,-1.66309370835,-0.68347072866,0.872373426025,1.21981692033,1.53968131784,-3.23887799129,1.16829798549,-3.21853612632,2.58066843257,1.07029455345,2.32704116809,-2.93282249215,-1.40480143329,1.31444387257,-0.98077687681,-0.333175894873,2.44246568331,-1.46357610261,-0.636708214451,-3.22614930832,2.65709305729,1.13428245203,-2.92865337058,2.41785639374,-0.132725728014,1.63894901643,2.24689647996,0.693337500245,2.10501556855
0.382591213216,0.212116561096,0.59687660928,0.560473563026,-1.51566144711,-1.3741072583,-0.855071869121,-0.852979088897,1.01723300316,-1.74916095304,1.06979546418,-0.828100028131,-1.74704660528,-1.15593865818,0.843384876842,-0.99930258781,-0.879567068828,-0.022726551445,0.2655673669,0.58030880867,-1.0109743635,-1.52537003649,1.00273597254,-0.846843210696,-1.75472642296,0.832986952001,-1.17413877734,-0.479427760333,-0.879265547534,-0.706790468072,-0.750638674137,0.549340397038
-0.283059595098,0.797099761381,-1.32691802457,-0.593858570968,-0.601503571835,-0.243286417953,0.514293884419,0.613508595605,-0.349646482784,-0.298973826572,-0.514753537361,0.654310561957,0.535486425408,0.246530443128,-0.00685049230521,0.346293915794,0.54523501457,-0.334577094126,-1.25737139871,-1.3148957564,-0.600340400585,-0.584024969751,-0.329959235267,0.679026068827,0.555539608015,0.00789366482483,0.279143193516,0.0338781049594,0.645809139143,0.806880763932,0.797344905985,-0.934757861785
0.648121795271,-0.413439914891,0.403788444686,0.531225453308,-0.139749770268,0.674144952286,0.276601131893,0.237867763111,-0.740175371031,1.32301735793,-0.54081137128,0.329939546133,0.852543690926,-0.296934656409,-0.92215383355,-0.319187393573,0.24493039881,0.11900717946,1.43335794083,0.388372835004,-0.671611019203,-0.155477990281,-0.763070742471,0.294014750202,0.825871623322,-0.934894621688,-0.325501357361,0.232187055227,0.207084267809,0.521757034533,1.17315777096,-0.772397152118
-1.22538928329,-1.41284946921,-0.284713488315,0.475377099988,0.551338130254,-0.24427757514,-0.577307492061,-0.227968306606,0.92905889466,-0.498811757529,0.973787083598,-1.04509447126,-0.139686258231,-1.0171565129,0.850789581685,0.199625089412,-0.59954542869,-1.23699244648,-0.0852994794274,-0.297766080962,0.943427593243,0.534073728756,0.91764292866,-1.05601198499,-0.156775241001,0.842690082181,-1.03262725199,-1.23135707497,-0.253196596357,-0.807993958343,0.140688518572,-0.444792243936
0.979870360903,-0.407687814603,0.778670188434,0.467397579944,-1.37012167802,0.11703432714,0.741593395144,1.08072182608,-0.275787044937,0.126629520703,-0.151827283378,0.184800446654,0.0600995416791,0.580389310847,0.0977999100094,1.38417749729,0.710069900069,-1.07712693005,1.90902638495,0.764850187521,-1.85872620136,-1.37834124336,-0.293832372549,0.154799200909,0.0418333525953,0.0883570369089,0.543590115842,-0.499650170209,1.04913092863,0.662834402979,0.358605888986,-0.708925578001
-0.283059595098,0.184950367866,0.591837638208,-0.580493545472,-1.74203636073,-1.20514384487,-0.496091350807,-0.503187194908,-0.0811810302639,-0.492311258076,-0.248230224945,-0.31673992043,0.252584639163,-0.0400286235405,-0.0945654373123,-0.433919905446,-0.463402330774,0.0116858758262,-0.620110183106,0.611172593577,-1.47845116202,-1.72527603079,-0.0591023666392,-0.282107703176,0.272807489501,-0.080742225139,-0.00571704238645,-0.231502119807,-0.471312223687,-0.412021549832,-0.713471441294,-0.908459614612
-0.907134812751,-1.01181739271,-0.645797607593,0.475377099988,-1.163132608,-1.02743010274,0.345787988192,0.146797072973,0.251993274415,0.0163509569407,0.0243405687213,-0.0503833747933,0.25014546807,0.561307615126,0.7361846197,1.8017480972,0.31672691939,0.66372107884,-0.109475196882,-0.658502404622,-0.770281612645,-1.17249619074,0.236689943916,-0.0770976031605,0.230183354345,0.727852278236,0.524271618796,0.687472242725,0.119610111666,-0.417747966165,-0.519662224465,-1.12713364702
-0.907134812751,-0.995548742574,-0.813363718361,-0.593858570968,-1.01423683714,-0.787790303002,-0.113380389603,0.330738298868,-0.181740351739,-0.574487564936,0.370915724501,-1.60215348563,1.8586412122,-0.387495920493,0.160068054272,1.36534312483,-0.0809146189966,-1.49597300729,-0.130359438942,-0.799271059885,-0.747599448324,-0.996910183679,-0.16024480682,-1.55270578243,1.87550885596,0.17598754471,-0.349347498849,-1.20438327151,0.363110389293,-0.751052822799,0.588303539491,-0.608396424899
0.648121795271,-0.0145143507929,-1.01243426654,0.467397579944,-1.74155330315,-0.641942305333,-1.11453721944,-1.33597198959,0.575743332375,0.0179068131496,0.477081884143,-0.451891778374,0.25014546807,-0.542727113643,0.489624006454,-0.914232908351,-1.13240938083,0.841022151477,0.910757729922,-1.02459549996,-1.87244364086,-1.74807493077,0.562618852765,-0.471805166066,0.230485607318,0.480991775491,-0.564223219245,-0.0344878827522,-1.35502155082,-0.650960453979,-0.603177536802,-0.0550039198898
-0.907134812751,-0.398108056584,-0.127295072023,1.6001852734,-1.21277964294,-0.827493165314,-0.416233331519,-0.686185138614,-0.174790331365,-0.319444162258,0.105878121253,-0.517316110125,0.859358898394,-0.663081602235,0.108428156314,0.144330585873,-0.498630139397,0.970391802169,-0.85200439089,-0.171803373638,-0.997773398521,-1.24939241173,-0.233491889038,-0.595819044958,0.789375692524,0.0726177364646,-0.7467656246,0.429379735174,-0.766771620475,-0.2824705667,0.157035518622,-0.773089457752
-0.283059595098,-0.415357990417,-0.116273717404,1.6001852734,0.745298781889,0.887579177101,0.19097730945,0.425367790026,0.69603744243,0.793787519238,0.536728736301,-0.0509869920083,-0.349979846311,-0.0386550550938,0.691758415463,0.611125318587,0.100954520638,-0.788501373573,0.0778638745293,-0.16084995965,0.252427302516,0.689515902869,0.637776227431,-0.139284689341,-0.404800658864,0.654090190893,-0.134076417073,-0.552020436297,0.333215464595,-0.330645889889,-0.0560807027793,-0.794043202717
-1.21914674238,-0.398108056584,-0.960644361526,-0.593858570968,0.0657316814121,-0.998431217698,-1.18596743713,-1.34213463647,0.784489061232,-1.446875452,0.496082461374,-0.176789873698,-0.482745688596,-0.533277915479,0.64228745148,-1.52862451612,-1.15089631739,0.588524806875,-1.3063102598,-0.947145465547,0.979372921054,0.0834559279074,0.81639060272,-0.142965007196,-0.460241084794,0.661602416879,-0.49385667469,-0.212238679099,-1.30933927557,-0.374319093554,0.145253386622,0.459742060698
-0.595105130484,-0.00897510529213,0.580816283589,0.59503438315,0.551338130254,-0.460281450624,-0.188099870174,-0.407691717219,0.271731999582,-0.677055110447,0.325294013895,-0.29619836411,-0.349979846311,-0.621835319119,0.298304740385,-0.0680556114499,-0.219643034604,0.768088921734,-0.84108829172,0.563190697615,1.1432747177,0.530159922986,0.251915727918,-0.325457513281,-0.369717253603,0.28617642719,-0.649503086799,0.451901406422,-0.438307336633,-0.181905918857,0.111928958834,-0.72655168294
-1.22538928329,0.382635192614,-0.114714090884,0.464737673633,0.37526901498,-0.271218709461,-0.425339091216,-0.506231976746,0.246135684514,-0.763575265134,0.504850726426,-0.450456156313,-0.349979846311,-0.410216302876,0.100872605676,-0.646349291595,-0.448140040722,0.276620451895,-2.10973379942,-0.127632140741,0.731632187028,0.3591555192,0.231209046236,-0.470250729241,-0.365145400994,0.091498288156,-0.43336419068,-0.0313889238755,-0.529447926736,-0.752736040046,-1.13805301833,-0.514875765699
-0.283059595098,-0.583610414282,2.70515035042,0.913795465508,-0.492866835247,0.494222965734,0.210714855291,0.834978779831,-0.334660026998,0.190907405534,-0.186075798116,-0.411070351596,-0.139686258231,0.0995312192686,-0.500367731343,0.48804135642,0.158327996672,-2.01379941764,0.288221773379,2.67121742148,-0.986760475442,-0.517522178533,-0.369015501551,-0.455419011616,-0.172559862238,-0.52021619517,0.0424920970597,-1.53459558088,0.77853259503,0.443903881777,0.957313078661,-1.13886846681
0.0290001555229,-0.398108056584,-0.304322910926,1.57637046314,-1.04209987016,-0.974691724361,0.287628993413,0.342075993551,-0.303205030252,-0.385255830103,0.0467604545888,-0.173574434071,0.859358898394,-0.0842290859338,-0.0908788028526,0.553539041589,0.19771109983,-0.193035214007,0.511057620166,-0.347099982094,-0.638168392559,-1.07978620147,-0.361123141461,-0.258013115368,0.790334778732,-0.12552442174,-0.177396207023,-0.0345921548268,0.252119032697,-0.0643659513922,0.437544374606,-0.930026845301
-0.600885590435,0.000250651021761,-1.18946210544,0.507292221442,-0.989651650132,-1.2055658271,-1.27052251798,-1.15678272464,0.0286557889314,-1.19582996349,0.0471610418867,0.353067058831,-0.326327486354,-0.470614036572,0.00857966725747,-2.11006867069,-1.28919226882,-0.449282294254,-0.859318774342,-1.20237843139,-0.368974184718,-1.00063127648,0.0108720356354,0.318130201717,-0.343164613782,-0.00196333891395,-0.495387277327,-0.990203654281,-1.17873417122,0.0205719195284,-0.776479567056,0.247145831517
0.960373641698,-0.415357990417,0.226760605783,1.55784601728,-0.688982805181,0.481913592254,0.653928785723,0.796800462449,0.147394690854,0.277408121115,0.291486944895,-0.71754215027,0.459707644181,0.120177054893,0.7361846197,2.83881074936,0.560507406827,-0.469948002323,1.89137895454,0.181311247062,-1.22387914861,-0.729592900199,0.0904528363644,-0.789660617395,0.396363081025,0.699478913172,0.0242943526689,-0.0679661883188,0.7032339754,-0.175369215045,0.202111894343,-0.745231441448
-1.51166516165,-0.213977802737,-0.800782737223,0.680083517325,0.392623386696,-1.34681184193,-1.10899841099,-1.32242687902,0.687698908646,-0.492311258076,0.748380507333,-0.3663966084,0.09001252702,-1.09614288995,0.295575950326,-1.50321879251,-1.13742969133,0.808995117112,-1.92287909754,-0.818419514336,1.82283488981,0.369547733737,0.666587748029,-0.399054379104,0.0636355125547,0.281380918014,-1.12171132098,-0.0585268087851,-1.35188843782,-0.8213957683,-1.05609406652,0.553699645902
-1.22538928329,-0.413439914891,-0.835406427634,-0.601877987249,-0.678282315004,-0.827493165314,-0.810536083326,-0.971019841033,1.125093937,-0.848754102674,1.12277017624,-0.335820494336,-1.74704660528,-0.604745584965,0.831022495755,-1.05284549991,-0.775964775734,0.585396225857,-1.29860418154,-0.821202687598,-0.240044626047,-0.660613016721,1.16100937817,-0.299817248572,-1.72126605781,0.851883379582,-0.564239414046,0.000945179618088,-0.937910984449,-0.928706156884,-1.14918582652,0.167250416486
0.0290001555229,0.58913127541,-0.994905056035,0.467397579944,0.102647681931,-0.349002828235,0.0428996466845,-0.0363560737655,1.01723300316,-0.241591885939,0.642367788947,0.370217564944,-1.34715846318,0.350027074538,0.348982488153,-0.879741466412,0.0165148528705,0.26090793872,-0.63361009875,-1.00708251993,0.432642519347,0.0876955567995,1.00665981691,0.337278539104,-1.3551047628,0.34005928405,0.316366694701,0.214558313712,-0.0621499404354,-0.0542477680226,0.015221076758,-1.70101147174
0.341072701475,-0.0145143507929,0.0607541214991,0.475377099988,1.64451290485,0.536238867413,-0.269205920221,-0.690827599119,0.476568672865,0.275885124413,0.37455310543,-0.345238229999,-0.347348173281,-0.588786757409,0.103707270245,-0.452022233645,-0.293721213361,1.52431097245,0.479594568135,0.0473687763525,1.64680038565,1.62221080235,0.462554738239,-0.36726995507,-0.362906651075,0.0940899296245,-0.610109961628,0.937511125454,-0.713636805287,-0.351391746798,-0.456934235392,-0.978222056648
0.653156805866,0.199447361954,0.944676672718,-0.508336837847,-0.86002926115,0.897025456708,1.28040574029,1.35624792374,-1.61874531859,0.887564033939,-0.999896123307,-0.667428798352,2.65819278626,0.967507321201,-1.15797898192,2.16733008978,1.30425911221,-0.242342792629,0.653029504011,0.963011023212,-1.6916113131,-0.844907239503,-1.61530224177,-0.632735390928,2.66890475912,-1.15285249113,0.988288721621,0.503747652432,1.38308780585,0.442096408278,1.12398203108,0.24356996754
0.023618102418,-0.614856286175,-0.116273717404,-1.64966153258,-0.502011570945,-0.274595985381,-0.265098606564,-0.50509008775,0.811948022169,0.447706900489,0.780647072197,-0.464382900847,-0.738958519463,-0.458145632908,0.600543624523,0.189084018197,-0.175039444476,0.847715248143,0.784104645848,-0.0693343646326,-0.44298056506,-0.454651754142,0.888311212235,-0.370443541464,-0.680140136513,0.647118935613,-0.357674296628,0.535211285035,-0.416295343943,-0.748270152603,-0.740036550185,-0.947957396767
-0.907134812751,-1.21127329165,0.598475030424,-0.508336837847,-1.74203636073,-1.00520690745,0.345787988192,0.982518821757,-0.284393621109,0.101935278349,-0.0506346946078,-1.0484137275,1.45252396,0.16170228336,0.302849552284,2.50676345839,0.372284254943,-2.02991169475,0.152335339466,0.615552619645,-1.6238161621,-1.72688635272,-0.267119097295,-1.00939387655,1.46661938989,0.317674214469,0.189838434811,-1.46288824685,1.00960261408,-0.53206740826,0.162411126082,-0.902442937336
-0.595105130484,-0.995548742574,-0.46876976869,0.531225453308,-0.154406582487,0.322004446371,0.269979589783,-0.0407428138272,0.0263985387501,0.448908511363,0.693473269617,-1.18336078644,0.65255476368,-0.747423686312,0.49291237715,1.61144306256,0.238359508867,1.05919358287,0.351687614045,-0.483118478055,-0.439252902691,-0.170063457117,0.00770416788696,-1.19486644027,0.627408220996,0.482678232353,-0.769720302306,0.935527548711,-0.0699981845525,-0.71390738763,0.698591954317,-0.837362678508
0.335869948845,-0.213977802737,0.580816283589,0.475377099988,1.10939740975,-0.271218709461,-0.806496299455,-1.14669168244,0.795482937914,-0.76224426458,0.934591664142,-1.22754323354,-0.938683518517,-0.815874976314,0.831022495755,0.0616250805124,-0.827040167493,1.27845435985,0.720391244742,0.566930011665,1.71676591261,1.08956128641,0.783300046054,-1.23556333423,-0.949883743202,0.822882835475,-0.834095660972,0.438655804953,-1.16711836394,-1.35751307843,-1.43869320912,-0.214190551342
-0.600885590435,-0.415357990417,-1.52598857274,-1.60668426922,-1.55918018885,-1.93981821597,-1.26602579664,-1.15032336,0.366839969439,-2.23097300884,0.0823356641624,-0.224178502858,0.452568351779,-0.411564036291,0.649107805024,-0.72184857822,-1.1806269336,-0.456467111899,-0.385677084799,-1.49269578742,-0.595004323847,-1.51846234043,0.434462364271,-0.134071223351,0.512714074655,0.695130827564,-0.313803434547,-0.940101601879,-1.06673378651,-0.374754250946,-0.625077574178,0.847261249964
-0.907134812751,-0.614856286175,0.226760605783,0.560473563026,-1.21277964294,-0.827493165314,-0.347524080466,-0.400146860361,-0.166304240459,-0.416203372702,0.116476624393,-0.733152947167,0.452568351779,-0.617106943185,0.0371423040108,0.24958599767,-0.375970239644,0.173724029678,-0.599991541207,0.210695636635,-0.997773398521,-1.22400331826,-0.18712545638,-0.753440934116,0.427812872788,0.0254260661421,-0.642879011072,-0.066070590532,-0.428978272326,-0.380023845182,0.413153248627,-0.857408235905
0.0290001555229,-0.612900608492,-1.89757346105,-0.508336837847,-0.159307207713,-0.64933458665,-0.655660431101,-0.500523681635,0.390628385556,-0.0714140276351,0.571123606191,-0.835073842944,1.05031255391,-1.0358007648,0.520892220884,0.00958166342812,-0.626332286441,-0.570447207573,0.789518754628,-1.88955690285,0.335690811088,-0.144207404198,0.414899964578,-0.798476665562,1.06553670466,0.537164427946,-0.996734749167,-0.742911843724,-0.472471997496,-0.75825743462,0.244754270437,-0.678893820831
0.0290001555229,0.184950367866,-0.116273717404,0.488675643518,0.212343766888,-0.243286417953,-0.42325713372,-0.690827599119,0.684917617363,-0.488087899929,0.612001253935,-0.35644317534,-0.550021617771,-0.584055709792,0.343576091795,-0.572502166959,-0.447334097755,0.962095259604,-0.189875577811,-0.129861251755,0.488847010467,0.196227241624,0.671559794318,-0.379010335366,-0.56454089567,0.334120118514,-0.606201536271,0.454281492726,-0.714322861054,-0.362740386677,-0.619126302413,-0.602004413974
-1.21914674238,-0.00897510529213,-2.18726817409,0.59503438315,-0.335865740202,0.11703432714,-0.0152432323047,-0.667634590581,0.907387468145,0.462418657483,1.0966758129,-0.511362445902,0.0501036966098,-0.861334330246,0.684990011069,0.33246175998,-0.0481595465756,2.36164934996,-1.71692706313,-2.20068885325,-0.520739721888,-0.352464067922,0.890865098744,-0.537086821424,0.0271966348688,0.673431735675,-0.885598584759,1.66872038392,-0.69674777018,-1.02693168605,-0.875646450027,-0.411693613583
0.0290001555229,-1.41072738704,0.580816283589,-0.508336837847,0.546926922244,0.295994491994,0.591239577469,0.827829111124,0.361785236823,0.796417929449,0.612833488369,-1.23050075174,0.459707644181,-0.669667470878,0.444259575411,2.34265226912,0.617041761865,-0.769756302632,1.93551379847,0.597829766145,0.472384407742,0.562004321714,0.385757838185,-1.18941313223,0.476589200631,0.460023031415,-0.63394323141,-0.286102558039,0.855013860524,-0.588489444078,0.59720496149,-0.214488541874
-1.22538928329,0.389757861216,0.59687660928,0.531225453308,0.92102252219,-0.0618838312619,-0.344422447929,-0.589902976104,0.0324164621725,0.361186745802,0.0503650290349,0.663525022881,-1.14720577732,0.148850864508,-0.234530462775,-1.33518109375,-0.371342706957,0.873780995322,-2.11646973194,0.581224912954,1.2673120675,0.900131654303,0.0137550707339,0.622217378338,-1.15862367873,-0.246053197815,0.114079545404,0.437658711733,-0.616146312569,-0.109304179347,-0.81123991675,-0.966286708511
0.023618102418,-0.597268696409,-0.116273717404,0.59503438315,0.0368087622208,-0.271218709461,-0.962429407734,-0.961101136633,1.35452505066,0.0163509569407,1.28731037143,-0.879980977827,-0.950105160692,-1.21088236662,1.0744123027,-0.590520584145,-0.987821404602,-0.0203288181882,0.760867554209,-0.13284037707,0.277449223553,0.0182866262465,1.3403197003,-0.899649591056,-0.965088086311,1.06342809942,-1.23017920205,-0.535728604114,-0.988518115396,-1.11119288576,-1.06262943352,-0.219307384503
0.023618102418,0.783351469235,-1.52598857274,0.531225453308,-0.969434284705,-0.816598607952,-0.348299619513,-0.317479543994,0.154064026516,-0.157934182322,-0.401037481204,1.60973029706,-0.750063389232,1.02662231558,0.305801558248,-1.13149033947,-0.375190219318,-0.122011408106,-0.842847811358,-1.53904459793,-0.661476652045,-0.981124521132,0.13606929005,1.55315435465,-0.764510709311,0.295235967031,0.979633825764,-0.28249727971,-0.345217068727,0.852042418002,0.694558746795,-0.769129168374
-1.53113870393,-0.398108056584,-0.658378588731,0.467397579944,0.216986830928,-0.264602044003,-0.344422447929,-0.41335362966,0.373334425267,-0.241591885939,0.401421197763,-0.667803802175,0.65255476368,-0.326533487861,0.176854631058,-0.00606769350416,-0.367958592549,0.231970041467,-1.76058705033,-0.670867718559,0.513494467782,0.201512011273,0.359040260175,-0.684296244503,0.629943903347,0.167575313639,-0.350975352551,-0.0193121704304,-0.437191081946,-0.643461551939,-0.635190084736,-1.12638265894
-1.21914674238,-1.01385287769,-0.624117894222,-0.593858570968,-0.159307207713,-0.838387722714,-0.425599362646,-0.87774484087,0.577855948501,0.275885124413,0.611501874989,-0.125278885531,-0.725101429553,-0.89019613968,0.781512722487,0.143237115662,-0.392375201068,1.66319936663,-0.589779520333,-0.609262298827,0.505650408871,-0.1416658058,0.607532113559,-0.0920186133701,-0.702013343443,0.801808022019,-0.847658653377,0.969478534289,-0.845066980685,-0.687868882015,-1.07018187645,-0.21648540585
-0.577787465348,-0.407687814603,1.99703899481,-0.537731077651,1.27268644893,0.491251236969,0.125860446655,0.0637303045464,-0.303205030252,0.0303464257561,-0.168132832717,-0.171792700206,-0.147373858147,0.403513137328,-0.528647939891,-0.0508901400497,0.154616450593,0.200375331073,-0.361098629907,2.02031656448,1.22279794426,1.28881091485,-0.285057585471,-0.141110963838,-0.12771932902,-0.518736785801,0.43126787199,0.245032730287,0.0930480418134,-0.450165224983,-0.98481001872,-1.38544755568
-0.907134812751,-0.215859694659,0.944676672718,0.475377099988,0.212343766888,0.292725850966,-0.347524080466,-0.412221022677,0.361785236823,-0.0701601781936,0.645228660527,-0.449570841774,-0.738958519463,-0.851626565551,0.254241963802,-0.472691982594,-0.371460477894,0.216873182571,-1.05590807568,0.930439924285,0.0491487605445,0.196641550494,0.347112275147,-0.469945690171,-0.751630755661,0.244930462996,-0.869358803867,-0.0322108260327,-0.436486336655,-0.604920789424,-0.510829765062,-0.90345922811
0.335869948845,0.582133488372,-2.2223265951,-0.601877987249,-0.310264903772,-0.0619180852917,-0.040141504349,-0.59949407382,0.0263985387501,0.188453241637,0.0469384958278,0.352381433225,0.452568351779,0.0135387538541,0.149548187128,-0.244130822319,-0.00741269175949,2.01068522253,-0.217894006944,-2.21376641308,-0.352373743835,-0.292446312718,0.0504397234128,0.380867097496,0.473135543522,0.165584835936,0.0486696794516,1.45691427168,-0.56646529274,-0.172168067602,-0.64274017414,-1.28941201795
0.693343045925,-0.398108056584,0.255440707272,1.62928869871,-0.134849145043,1.09788765061,1.16008796497,1.38368048888,1.3467742751,1.36029789428,1.41802337706,-0.981419312947,-0.747285567044,0.354582067916,0.883993740504,2.01124015655,1.05616683982,-0.696407395063,1.47837599377,0.207716305129,-0.947906489695,-0.182866067533,1.28758325005,-1.05163671426,-0.798083173014,0.844934809468,0.250003509332,-0.00965552990476,1.27979460144,-0.285459890566,0.841621338741,0.928975724835
0.0290001555229,-0.213977802737,-0.835406427634,0.464737673633,0.546926922244,-0.463783726669,-0.810805454941,-0.971019841033,0.465160405195,-0.414589482788,0.39642992952,-0.117055702331,-0.147373858147,-1.00900447205,0.781720772825,-0.195904264404,-0.830776139022,0.584387796121,0.281352322851,-0.84766594115,1.14055364891,0.530030840055,0.451502198494,-0.142128666709,-0.164022702571,0.773763500667,-1.02400084451,-0.0312150820783,-0.991829515269,-0.326637677525,-0.491726172484,-0.307645358942
-1.53764112971,-0.614856286175,0.237781960402,-0.433533353709,-0.486535647902,-0.642479008139,-1.27192813632,-1.24925679949,1.09526093837,-1.45006457375,1.06046164149,-1.04286318572,-1.12372214794,-0.984770757481,0.848528042364,-0.9687554447,-1.24453615245,-0.103527674554,-1.53759955034,0.251310851706,-0.125698990815,-0.473532510261,1.12362633516,-1.00771771664,-1.1047766767,0.864947768093,-0.950333415847,-0.729829484061,-1.22441488453,-0.942361241132,-0.92148975639,0.922632552486
-0.595105130484,-1.61017956137,-0.127295072023,-0.561783913754,-2.0362450193,-0.620335701613,0.114683205448,0.422553604571,0.0444387957179,-0.315283225704,0.69792464965,-2.01547936057,1.25035432537,-1.33891422733,0.2252717935,1.78311388492,0.144808576905,-1.03250351182,1.22440711397,-0.111342730539,-2.29587487565,-2.01996651201,0.0671516396752,-1.96299299707,1.26730992191,0.240874248614,-1.29419313063,-0.726750283685,0.453064420303,-0.65059457894,1.75521222952,-0.493590236685
0.335869948845,0.184950367866,-1.01243426654,-0.601877987249,-0.86554133767,-0.838387722714,-0.656457361797,-0.87813839923,0.921615282435,-0.0711005529326,0.759026365718,-0.173695373786,-0.738958519463,-0.521205900586,1.2874969839,0.175234343089,-0.62225455385,0.807795039057,0.233203666886,-0.998950872372,-0.496648525283,-0.847948000959,0.955331609489,-0.139463103198,-0.715567265421,1.31158930138,-0.48142600702,0.243604235867,-0.845049561522,-0.756816568041,-1.27911337622,-0.530051584998
0.653156805866,-1.00571347869,-0.272012892192,0.475377099988,-1.52158495332,-0.64933458665,-0.416233331519,-0.410333593945,0.465873872553,0.628152586688,0.611335408956,-1.11180805728,-0.750063389232,-0.634993521613,0.446249535984,0.75673145246,-0.439661859871,-0.0344800997893,2.29564186526,-0.285077716321,-1.56124913887,-1.52929667284,0.451798535518,-1.12166611337,-0.76265378098,0.437328135849,-0.655685439972,-0.252458710118,-0.434608772219,-0.864042638579,-0.571490450944,-0.797134201906
-1.22538928329,-1.21335117345,-0.481350749829,-0.561783913754,-0.139749770268,-0.656473744001,-0.424558312597,-0.596040336014,0.482979077614,-0.676724885667,0.616369595424,-0.67051430784,-0.139686258231,-0.621314769614,0.545908095272,0.0614094653278,-0.393042441611,0.606461731607,-0.347726150889,-0.466772472122,0.369245168164,-0.123057558091,0.51034839961,-0.632969036122,-0.1191761583,0.563719845731,-0.582965685693,0.235796007636,-0.56511909358,-0.957517809162,-1.17640925334,-0.519271612304
-1.53113870393,-0.612900608492,-0.835406427634,-0.537731077651,-0.284587337335,-1.01653554537,-0.964887891859,-1.06229999768,1.59483937411,-1.02279510395,1.5094308062,-0.58642407648,-1.92038239518,-0.941556285898,1.20381239482,-1.02498623867,-0.933196939805,0.352036700657,-1.53007350742,-0.822801659189,0.490813463978,-0.268627452691,1.63292482181,-0.55109013817,-1.89599522969,1.22546466146,-0.901707951788,-0.248575647954,-1.03240198971,-0.928953697728,-0.765801457591,0.644871528848
0.0290001555229,-0.213977802737,-0.822825446496,1.57637046314,-0.86002926115,0.113773438572,0.427909243349,1.07370823314,-0.410684225017,-0.495886078672,0.0199205914979,-0.45517492433,1.26990286467,-0.0522552832981,-0.382733331664,0.253436087587,0.336244834313,-2.0439798806,0.281352322851,-0.862463207759,-1.19662506255,-0.899478246116,-0.468668539643,-0.533729266742,1.19577613175,-0.416481514061,-0.146019957519,-1.48943869132,0.976218361082,0.247437911073,0.631009715109,-0.795721519441
-0.283059595098,-0.995548742574,-0.634776252939,0.531225453308,-1.03622111045,-1.40550276453,-1.03945306966,-1.05749756923,-0.191016673066,-1.36359050785,0.0469384958278,-0.586357160445,1.25904768724,-0.765888019346,0.302849552284,-0.192483569829,-1.06105674244,0.0523836653836,0.833759155951,-0.648921984573,-0.263560485124,-1.04758630538,-0.210902530736,-0.607496274076,1.22927479043,0.292278730979,-0.787927639961,-0.524824824146,-1.0811762417,-0.40001469292,-0.169381865089,0.15399007667
0.960373641698,-0.413439914891,-1.35183867248,1.62928869871,0.198221065276,1.24140962779,1.11889311622,1.17055974867,-0.626249444563,1.579355713,-0.433328012695,0.331562510886,1.85252066983,0.626442794061,-0.238583782194,1.53053982981,1.01549483694,-0.170535605583,1.88868496044,-1.38944046748,-0.648725347092,0.146898881374,-0.686172286721,0.233594157556,1.76878157365,-0.273916794818,0.516718145708,0.412995327793,1.06891981335,0.480133355208,0.760157479311,0.269917610064
-0.907134812751,-0.607035829153,-1.01243426654,-2.67563407221,0.778740273416,-0.0552148339393,-0.720664263566,-0.779014589659,0.465873872553,0.121386199692,0.585118799976,-0.209062520928,-1.10324002991,-0.567977190783,0.548728770604,-0.9555061568,-0.577811015741,0.199932492326,-0.609270948968,-0.948477520011,1.0741243433,0.868451933461,0.578411485394,-0.0595424419539,-1.01208740967,0.621465289951,-0.407065038505,-0.157971640683,-0.637682505239,-1.08561323932,-1.60154265083,-0.781631086986
0.023618102418,0.190388983753,-1.51835582093,-1.67115341971,-1.57177546763,-1.20514384487,-0.115153885309,-0.0418397536861,-0.520516024452,-0.582344696089,-0.463855462257,0.288510942813,0.65255476368,0.511516027002,0.150718140172,0.295533569317,-0.023530900875,-0.265157702591,-0.203479786264,-1.48358134362,-1.2274641482,-1.52961675894,-0.46441797018,0.37913341332,0.715781192959,0.19239644489,0.609649943036,-0.205829009049,0.0503325013802,-0.287096698171,-0.989791641927,-0.959789265841
-0.595105130484,-0.398108056584,-1.52147507397,1.55784601728,-1.86456882686,-1.56313754003,-0.724138260271,-0.410333593945,0.915520429407,-0.920067439638,0.777584968112,-0.355477711871,-0.139686258231,-0.217852230609,1.19043288026,0.063864581537,-0.800519147472,-1.13060944145,-0.397672676123,-1.55648861792,-1.38996687997,-1.89389779118,0.85911761049,-0.43513149536,-0.195631775255,1.15236922029,-0.307446005487,-1.24297726679,-0.49157383468,-0.602669819835,-0.692294243931,-0.420475893956
0.335869948845,0.78163178413,-1.18946210544,2.60594910569,-0.68347072866,-0.0821559682979,0.730255234786,0.703941777342,0.685613023722,-0.24445433701,0.424207160946,0.924450174495,-0.947248004078,0.495982437382,0.882154054722,0.629132631369,0.576004384091,0.0751799821447,-0.432788588555,-1.25024823794,-0.828668134446,-0.752022751584,0.587103176197,0.756705991578,-1.02662731992,0.817106353194,0.329129803506,0.377790053603,0.551383018826,0.352361025766,-0.628161769149,-0.895786248477
-0.288633744009,-1.01385287769,0.757844122492,0.507292221442,-0.154406582487,-0.831666749427,-0.501592449735,-0.692375515623,0.811948022169,-0.931209384394,0.806408458573,-1.05288845054,-0.950105160692,-0.497348820531,0.697674073348,0.0471048141518,-0.526059122058,0.681948148611,0.850439050303,0.742763319709,0.506446701067,-0.16935872225,0.79854457381,-1.06529232231,-0.962253004841,0.688428581837,-0.521752891408,0.212245239349,-0.716822723665,-1.0804861677,-1.03501979995,-0.559585271372
0.0290001555229,0.78163178413,0.757844122492,0.467397579944,0.40651423235,-0.638440029288,-0.188099870174,-0.319351758095,0.476568672865,0.0151061270523,0.428289393978,0.377562251607,-1.7213015961,-0.346510753854,0.0179587517403,-1.21520395685,-0.212785725916,0.450377444534,-0.834050734161,0.744043407064,1.11313012471,0.390173024118,0.462871080744,0.344506853511,-1.72650417933,0.00835069433634,-0.370680416761,0.226259597414,-0.343677028209,0.108026676227,-0.580863386871,-1.1773611174
0.693343045925,0.212116561096,-0.626188184947,0.59503438315,-1.51566144711,-1.16387946565,-1.00868752308,-1.13096864686,0.92905889466,-0.629601387829,0.757594017013,-0.176485641061,-1.10324002991,-0.54040749188,1.05856100563,-0.735059998418,-1.0337120514,0.448633618282,0.692940808839,-0.641980248033,-1.17669270612,-1.52616950283,0.912648824362,-0.207711460517,-1.11700974768,1.0475534352,-0.569232428134,-0.239283551998,-1.15740381033,-0.609308401292,-0.838939391832,-0.422268730442
-0.913137436862,-1.41284946921,-1.17481083358,-0.593858570968,-0.512424272692,-0.64933458665,-0.115153885309,0.332510509843,0.251993274415,-0.763575265134,0.102121189545,-0.680860779546,1.25035432537,-0.301937342702,0.39404491031,1.27483727799,-0.0826838054345,-1.50760386751,0.418559730347,-1.16217534842,-0.156016456547,-0.494912868667,0.278159998363,-0.641510996512,1.26868644101,0.411611912313,-0.264535931562,-1.21459943529,0.364882151672,-0.232230656049,0.0607843841563,-0.712328688017
-1.84989297614,-1.61234776496,-1.52598857274,-2.73232830253,-0.661810118208,-1.59453304629,-1.57658462873,-1.24925679949,0.468013913764,-1.70948212774,0.531353930837,-1.04922949646,0.289085568916,-0.740493438094,0.835352352515,-0.817626514778,-1.43728007368,-1.27401924647,-0.84108829172,-1.46791623552,0.483630560893,-0.585210639217,0.582909004598,-0.895720463684,0.39276205334,0.914510043172,-0.576468531524,-1.63853955575,-1.10956435397,-1.17681430417,-1.20587497693,1.04402311316
-0.283059595098,-1.00571347869,-1.01243426654,0.467397579944,-1.91133113868,-1.01653554537,-0.188099870174,-0.0389148072979,0.577855948501,-0.755259093859,0.854753579233,-1.37963671097,0.450187239531,-0.599069563658,0.689432698501,0.98303504236,-0.212785725916,-0.526681415063,0.847801278167,-1.02459549996,-1.86043400295,-1.91707664856,0.564743676566,-1.38485075031,0.429060405705,0.681213849829,-0.619797971141,-0.502791097091,-0.0646953948602,-0.864894693831,-0.373938986223,-0.783283822339
0.356663660083,-0.566076578573,0.59687660928,0.507292221442,-0.115469915046,-0.38010005384,-0.0356106355615,0.657771457723,1.03128768298,-0.440438733976,1.24090042298,-1.59349082362,-0.525732068481,-0.901021050488,0.73156882719,0.778647099359,-0.0635903199597,-2.26771973599,1.2127519591,0.581974721065,0.163861077513,-0.130607235075,1.0191108211,-1.59723056552,-0.54107016168,0.722387155596,-0.919850968513,-1.83685993595,0.626068451958,-0.700303630457,0.431353299164,-0.306050042373
-1.84989297614,-0.215859694659,-0.820755155771,-0.604551192305,0.93359826886,-0.986385713329,-1.34896108633,-1.71407137546,0.691174270473,-1.28234732733,0.694627548133,-0.0946124657876,-0.547318844075,-0.86123148216,0.594523669511,-1.65643949701,-1.31297139926,1.44889093756,-2.4049531923,-0.806424959315,2.21806773996,0.952014598963,0.722509839056,-0.0610959629236,-0.524289465904,0.613779701993,-0.81834498847,0.246417888021,-1.68067584445,-0.677140077635,-0.981423188401,0.968007482396
0.693343045925,-0.544687088578,0.607897963899,0.634905351662,-0.843557064283,-0.432349159116,0.29742311686,0.549951852395,0.797542759523,-0.0335431501143,0.773663928187,-0.840566381932,-0.747285567044,-0.0197471175692,0.500139763141,0.852062387387,0.259793335081,-0.839899158639,1.68097887915,0.588981180084,-0.784287308997,-0.858580534424,0.77881284058,-0.862930414207,-0.765200152308,0.487303819496,-0.0583440043218,-0.516448166533,0.511518149843,-0.636462867806,-0.668928336151,-0.993141245934
-1.22538928329,-0.597268696409,-1.54351778325,-0.508336837847,0.568950063226,-1.22025472533,-0.870499026432,-0.95158768223,-0.522939162309,-0.590207232606,-0.490929978142,0.340894479066,1.65252141068,-0.612940193379,-0.143247597153,-0.839161530924,-0.840563365596,0.287697872503,-1.09329068719,-1.53421595116,1.9449236033,0.584026759955,-0.508137321796,0.36413743147,1.66605558889,-0.1313844922,-0.577733716615,-0.241355398906,-0.923241615822,0.0741236542311,-0.266735745332,-0.124178535497
-0.283059595098,-0.614856286175,0.0497327668803,-2.69992974061,-2.263321842,-1.00520690745,-0.421435732629,-0.410333593945,1.02058134272,-1.02177329154,1.1253244624,-1.47827754748,-1.33807607241,-0.804697681789,0.979469339234,0.672349046232,-0.275056868724,-0.053000442712,0.328052964088,0.129175124933,-2.37638487049,-2.2041505162,1.14566009153,-1.32597116963,-1.24789647654,1.06019035336,-0.642624056341,-0.178187046994,-0.264148053578,-1.23838857704,-1.08846763017,-0.336222170059
-0.283059595098,-0.215859694659,1.1118998003,-2.74042871744,-0.666998531794,-0.261099767958,-0.19345533855,-0.227968306606,0.246135684514,-0.763575265134,0.316682706035,-0.569902435905,-0.938683518517,-0.211591064216,0.249654374837,0.36618435654,-0.0431262716775,0.108041922081,-0.162884117892,1.20763840418,-0.67461593227,-0.590227280939,0.356698050585,-0.416419292814,-0.844151365955,0.318931749696,-0.0463986119662,0.0670732927205,-0.0777733049568,-0.472863350337,-0.714081737116,-0.838477081642
-0.600885590435,-0.213977802737,0.591837638208,1.6001852734,0.40651423235,-0.25060730814,-0.347524080466,-0.134718293502,0.819484240973,-0.936277610311,0.809948874819,-0.679284136114,-0.738958519463,-0.327840302898,0.503421751482,-0.247412696443,-0.430783810292,-0.752340453191,-0.619825847847,0.542896506681,0.755209582208,0.354048144965,0.761285446608,-0.75438509843,-0.788902415603,0.466353345932,-0.417825853155,-0.782529475883,-0.221042854314,-0.633521374111,-0.363276213395,-0.603014517055
-0.283059595098,-0.612900608492,1.82884052934,-0.433533353709,-0.295608091624,-0.0723762910416,-0.655660431101,-0.686185138614,0.442297596522,-0.157618419543,0.249903498385,-0.282919352298,-1.12372214794,0.187308995272,0.511945631592,-0.0766158950319,-0.630225895112,0.0969573240241,0.325552757105,1.84758710566,-0.325029106127,-0.282677737597,0.464125168524,-0.256666347055,-1.1047766767,0.526249266232,0.210642613954,-0.260162336238,-0.66190737244,0.213028724569,0.732462940538,-0.905579346941
0.0290001555229,-0.812359798434,-1.18946210544,-0.604551192305,-0.134849145043,0.491251236969,0.425729714998,0.703941777342,0.257115255012,0.109348833786,0.613998482626,-0.880829570119,0.870705878059,-0.428355065621,0.20864386073,0.913587698273,0.457497138035,-0.912604346657,1.05883805122,-1.17663685161,-0.537111668653,-0.116879608039,0.283754204904,-0.838734535454,0.89039204769,0.225163348264,-0.389226555024,-0.481052082795,0.736846369476,-0.414830573056,0.356449222211,-0.782564255741
-0.577787465348,-1.20504234915,0.403788444686,0.467397579944,-0.139749770268,-0.813025718945,-0.493210888276,-0.0389148072979,1.03864093183,-0.396851494977,1.07979106618,-1.52646271956,-0.550021617771,-0.849650716696,1.38457050905,1.71203602219,-0.515652735721,-1.57867344102,0.663913704359,0.390315625658,0.510156642729,-0.153593817538,1.02819145703,-1.52935042481,-0.563813586234,1.37778982687,-0.866964816898,-1.45907355075,-0.0646953948602,-1.23860460239,-0.335862593421,-0.473124755328
-1.22538928329,-1.00571347869,0.598475030424,1.57637046314,-0.139749770268,-0.841879242754,-0.573087737671,-0.503187194908,0.910777104562,-1.27711569916,1.1253244624,-1.331496782,-0.347348173281,-0.966904788783,0.978061705778,0.632170377165,-0.652289545894,-0.26466361275,-0.609493392933,0.550231903499,0.536616791535,-0.186171848187,0.853606744572,-1.39173946035,-0.40137424707,0.940129158038,-1.04357573457,-0.532265615136,-0.584441295532,-0.910826371983,-0.642817333576,0.240688961096
-1.22538928329,0.183136896856,-0.835406427634,-0.601877987249,0.40651423235,-0.968281385653,-1.41686810779,-1.05749756923,0.245403193026,-1.36780960914,0.181226848516,0.116231886726,-0.147373858147,-0.439239083558,-0.289293759797,-2.53103036099,-1.38084668229,-1.3718543599,-1.91751478361,-0.821202687598,1.44001865404,0.424623598036,0.271811292402,0.147297131464,-0.125384729553,-0.276363721519,-0.400171794411,-1.68298942007,-1.02437007269,-0.3800966177,-0.873125642686,0.557379171785
0.653156805866,-0.812359798434,0.591837638208,-1.67115341971,-0.139749770268,0.322004446371,-0.188099870174,-0.500523681635,1.24019512585,0.462418657483,1.04469905701,-0.62878001698,-1.92038239518,-0.210107872524,1.23202666474,1.08058643481,-0.0966681034382,1.10729082512,2.00537767622,0.645845640875,-0.42064495728,-0.0898113060163,1.32426542814,-0.532696544505,-1.8639561512,1.28683171292,-0.109294930024,0.767667704142,-0.4105569563,-0.796137610757,-0.680819573115,-0.794285773381
-1.84989297614,-1.41072738704,-1.89757346105,-1.66309370835,-1.21865840265,-1.79160019173,-1.19573241604,-0.506231976746,0.687698908646,-2.32093804951,0.588624496389,-0.982071160972,0.65255476368,-1.05185424474,1.12721113847,0.228831147885,-1.10734575155,-2.48915873848,-1.09564008403,-1.86641777394,-0.191942079035,-1.17478302875,0.762657659137,-0.884301976828,0.715454452731,1.18051215058,-0.948367379624,-2.40736383915,-0.416723954912,-0.903018943264,-0.25404544245,1.37253502855
-0.913137436862,-1.01181739271,-0.449160346044,0.680083517325,0.0368087622208,-1.03106698404,-1.27277159714,-1.32776074786,0.471579447127,-1.28269619326,0.48405366155,-0.62323143514,0.252584639163,-1.06882885286,0.594523669511,-0.657668543717,-1.29983765871,0.196122414827,-0.118763935108,-0.467470050052,0.96960738976,0.0157098144202,0.44943425459,-0.651569991916,0.224855889262,0.580650981301,-1.09479608716,-0.557466443868,-1.35718938141,-0.578543822228,-0.527209939539,0.853779760584
-0.595105130484,-0.995548742574,-0.0856429401393,-0.561783913754,-0.330677326546,0.116686450122,-1.25507305069,-1.69874475704,-0.300851089084,-0.137742293411,-0.166669898729,-0.386453156569,1.25252843562,-0.693858062302,0.0112268582094,-0.485197089686,-1.22141559913,1.76195048371,0.351687614045,-0.0695289515617,-0.513769908032,-0.314026774395,-0.281804577806,-0.352063494549,1.26947847104,0.0253544706833,-0.654864821102,0.500751689165,-1.6673791984,-0.292606066587,-0.372207082565,0.143736632605
-0.577787465348,-0.806377839522,-1.1527681243,0.475377099988,-1.38304053604,-1.40550276453,-1.03202835497,-0.964670827909,-0.296929453245,-0.928169561331,-0.32290463254,-0.570757693465,1.65252141068,-0.0888878319455,-0.17189710717,-0.660846006181,-1.05090518624,-0.267388407492,0.130956464363,-1.16498460122,-0.785858795445,-1.39139071516,-0.315384417988,-0.589208010343,1.62222352751,-0.182074390853,-0.117040743114,-0.74136434693,-0.986048823148,-0.227052714163,0.0776554929885,-0.0127326773755
-1.21914674238,0.199447361954,-1.52147507397,0.531225453308,0.732098056927,-0.638440029288,-1.80167972401,-1.97695599393,0.69603744243,-1.27955680825,0.559073777305,0.200595327851,-0.339458613153,-1.30680931977,0.636312767825,-2.44151533342,-1.81745280015,0.703719402989,-1.92489690292,-1.53453662001,1.56600628574,0.712126654055,0.681012844072,0.166757676628,-0.357038043568,0.626332641697,-1.32132018475,-0.523492768291,-1.99559161848,-0.448467619123,-1.06171573407,1.27274441514
-1.21914674238,-0.612900608492,-0.10525236275,-0.604551192305,-0.139749770268,-1.20514384487,-1.11869320566,-1.24803479282,0.0376784470131,-1.45538191779,-0.167172751757,-0.548417111655,1.05919891315,-0.106358587275,0.300350395889,-0.27603164877,-1.08325136066,0.480453934051,-1.0662082955,-0.0880017127127,0.883530622987,-0.12178228656,0.0619430395645,-0.509949080811,1.07844068256,0.317520238929,-0.0700254620687,-0.245882425097,-1.21473388217,-0.2711077773,0.0471246957788,0.526799251844
-1.84310809749,-0.812359798434,0.934871961395,0.475377099988,-1.21277964294,-1.02743010274,-1.57658462873,-1.80308350346,0.135524586942,-1.62553281301,0.0736893399983,-0.393592496412,-0.147373858147,-0.94628004616,0.198223941614,-1.66723565053,-1.59143632823,0.899595957006,-1.78023230376,0.92064466087,-0.842120934284,-1.22191443567,0.119552552737,-0.414856320087,-0.164406180591,0.188798628935,-0.962719113625,-0.268518720883,-1.82007962474,-0.407362796479,-0.442727590848,1.00331073612
0.648121795271,-0.00897510529213,0.244419352618,0.464737673633,0.203121690572,0.511083552728,0.507559351038,0.982518821757,0.0444387957179,0.628152586688,0.275874136478,-0.553343844625,0.272071963063,0.626260107855,-0.307006919517,0.432905901216,0.477908649314,-1.51657847136,0.903773467314,0.231173145122,-0.129412875627,0.187793032157,0.0283440757774,-0.571509498037,0.252352336201,-0.317230154864,0.589002304241,-0.977798461273,0.95159538827,-0.144723262788,0.267763809014,-0.855291456249
0.965251386244,-0.0145143507929,-0.64084937823,0.507292221442,-0.149475730088,-0.274595985381,-1.11869320566,-1.33227613662,-0.29144251678,-0.589224119558,-0.677362124827,-0.6475599743,0.65255476368,-0.0673214037005,-0.088668174004,-0.44432846689,-1.13850758992,0.810329450898,1.35607608306,-0.654375502248,0.0302440539115,-0.164451324111,-0.311016314656,-0.666459968472,0.628358837447,-0.0993942914925,-0.0976635584202,-0.0582820188782,-1.35328446705,-0.542627468997,-0.00834416125359,0.358760914436
0.0290001555229,-0.0145143507929,-0.46876976869,0.507292221442,0.582150788117,-0.397539885569,-1.34896108633,-0.691988516365,0.577855948501,-1.01087986508,0.347685117989,-0.0371215461052,-0.547318844075,-0.682164033353,0.540045108941,-1.44570027376,-1.36703949415,-2.41231311802,0.0413773949632,-0.482487158368,1.12621676961,0.563695513002,0.563143417988,-0.0658049244954,-0.562494659093,0.530502812337,-0.704016062756,-2.44410027819,-0.716437804541,-0.470746169963,-0.83175757038,-0.131033105148
-1.21914674238,-0.614856286175,-0.127295072023,1.57637046314,0.62126909029,-0.827493165314,-0.733496735504,-0.59949407382,0.687698908646,-1.02177329154,0.478434430737,0.154664337628,-0.947248004078,-0.0352912558237,0.684990011069,-0.733842539303,-0.810701420709,-0.499176756624,-1.06397560526,-0.171143969387,1.60226110656,0.567479501051,0.630391143795,0.0633667607713,-0.993817984498,0.647958641734,-0.1293729682,-0.783357211919,-0.679756595518,-0.417784014578,-1.0289977596,-0.67622319716
-0.907134812751,-0.415357990417,-0.835406427634,0.475377099988,1.62543853649,0.331775510855,-0.348299619513,-0.134718293502,1.45406785995,0.102862220886,1.36414031174,-0.342048479141,-1.53774005014,-0.418866481394,1.26855107793,-0.0814145460462,-0.372230285338,-0.755036325551,-0.832333620775,-0.847928592266,1.81122885895,1.6032243353,1.44566622597,-0.3641308582,-1.5445251191,1.261300342,-0.442511165502,-0.756037263424,-0.160433945788,-0.946354412992,-1.07315367527,-0.883861958982
0.0451271672736,-0.213977802737,-1.18946210544,1.55784601728,-0.486535647902,-0.439296530989,-0.0381275699343,0.430994224357,0.907387468145,0.277408121115,0.908071247841,-0.285989530979,-0.547318844075,-0.0808717755594,0.734716367531,-0.242648033748,-0.122991324977,-1.56646141,0.304425255145,-1.22645754713,-0.292093549908,-0.529088475452,0.850978942629,-0.367089508541,-0.598232454852,0.698015050212,-0.173014029078,-1.27988363087,0.341163045676,-0.615360011756,-1.03410060162,-1.05364018096
-0.913137436862,-1.21127329165,1.1118998003,0.475377099988,-0.11056928975,-1.20514384487,-0.419094358552,-0.317479543994,0.251993274415,-0.751601924349,0.210205849815,-0.751188514811,0.0725768373693,-0.19801216158,0.302849552284,0.674496284832,-0.442501738698,-0.372006593828,0.142853169337,1.09750198192,0.926546500162,-0.124783411715,0.236689943916,-0.766773462727,0.0539234355614,0.293636806971,-0.224674195905,-0.502808739476,-0.342240013157,-0.445872321437,-0.66427837388,-0.92666967342
0.0290001555229,-0.0163613989015,0.237781960402,1.53667327759,0.240011985722,-0.627947569471,-0.656457361797,-0.784866706203,1.01522340221,0.535420379859,0.799893659953,-0.186242757977,-0.950105160692,-0.833431148897,0.927769577703,-0.238212818608,-0.732593667001,0.457884116892,0.0435588197485,0.192888849391,0.871726174961,0.19114291438,0.959774421276,-0.268277736728,-0.995368864032,0.891062108744,-0.910401340557,-0.0625524806294,-0.861210123089,-0.417365635263,-0.978219037224,-0.614973616065
0.341072701475,0.384416285429,-1.01243426654,0.475377099988,-0.68347072866,-0.463783726669,-0.116420832461,-0.227968306606,0.246135684514,-0.502713819655,0.477293233649,-0.33945774948,-0.147373858147,-0.0311461306524,0.343576091795,-0.0278603301812,-0.142065448403,0.377974127756,0.00969810112127,-1.02478591331,-0.541639159536,-0.695044740433,0.23079872284,-0.361581272261,-0.164406180591,0.334446091034,-0.0600879195934,0.213105551913,-0.253196596357,-0.552015808277,-1.04168811921,-1.23433400802
0.341072701475,-0.413439914891,0.226760605783,-0.580493545472,-0.159307207713,-0.0720370267948,-0.724138260271,-0.781745191847,0.684917617363,-0.67177266786,0.584492633368,-0.612866962302,-0.947248004078,-0.965784477404,0.830403678398,-0.169176400885,-0.690881090814,0.197240655804,0.985617595586,0.244646661766,-0.145820728015,-0.142063129703,0.715198542015,-0.574970715664,-0.924061725682,0.850681714937,-0.923332794453,-0.222037230405,-0.749782338352,-0.589356349431,-0.888207406066,-0.417542629411
-1.21914674238,-1.01181739271,2.00586836825,0.475377099988,0.757874528489,-0.24427757514,-0.116420832461,0.51508322782,0.476568672865,-0.417171814475,0.402402041509,-0.841914046435,-0.747285567044,-0.387435375167,0.402966997991,0.904852965725,-0.142065448403,-2.09040615428,-0.592296851324,1.9906094797,1.21986543704,0.739658340484,0.462554738239,-0.856058209326,-0.759896432081,0.393957659863,-0.411509476308,-1.71853049655,0.485971458053,-0.480636569391,-0.313004781018,-0.771750004984
-0.600885590435,-1.41072738704,0.784925802802,0.488675643518,0.564538855216,-0.627947569471,-0.656457361797,-0.413731190213,1.56457793142,-0.677055110447,1.60621206681,-1.42347309763,-1.35018870361,-1.60088810346,1.65945938017,1.08899370435,-0.67879628725,-0.877840858837,0.919340715578,0.770414529022,1.32266112177,0.546777608747,1.55621593387,-1.42903010447,-1.35876146258,1.6525953006,-1.60907973432,-0.996839976798,-0.438691720869,-1.38961610177,-1.17720879838,-0.0102086611991
-0.907134812751,-1.40436401959,-0.481350749829,1.62928869871,-0.838044987833,-1.39370409779,-1.57397948008,-1.24314817543,2.00406460075,-1.70621272275,1.79458400218,-1.77115497788,-0.747285567044,-1.49172957827,2.24205278197,0.506155307361,-1.64319974753,-1.28672363287,0.41639219706,-0.524434854504,0.0240269724309,-0.879083665863,1.94511737095,-1.82468066875,-0.798083173014,2.19848634956,-1.56135904287,-1.74048956258,-1.31935148533,-1.54853203456,-1.05479418039,1.1914562849
-0.764379224082,-0.770561091504,-0.547603761512,1.86726056863,-1.92652133719,-1.62733704371,-2.49012603603,-2.41674659814,0.907387468145,-1.38575947968,0.853458057161,-0.782677493958,-0.109011215202,-1.35994609932,1.27774421088,-2.14088805746,-2.55785991147,-0.338258807677,-0.19663654866,-0.596390566862,-1.43504030996,-1.96175627111,0.838236284021,-0.869253036807,-0.176414072589,1.23058916144,-1.44463819361,-1.56707614771,-2.49083678508,-1.43094939931,-1.19034994404,1.32499961007
-0.600885590435,-0.213977802737,-1.72054562215,-1.67115341971,-1.18934221274,-1.39811382869,-1.34896108633,-1.06390128284,1.01723300316,-1.27955680825,0.934591664142,-0.640532527141,-0.539216436041,-1.33516785056,0.738071812108,-1.44253695595,-1.26057234955,-1.09209331259,-0.619825847847,-1.6876140148,-0.500538427969,-1.14510586673,1.09776112704,-0.544379087559,-0.479139818492,0.786880404151,-1.23017812569,-1.42795302491,-0.976643492658,-0.884307494228,-0.903494876246,1.12611370835
-0.577787465348,-0.413439914891,1.82001115591,1.57637046314,1.28519655072,0.305757804019,0.656781620733,1.07771646684,0.356004653387,0.275885124413,0.423824351038,-0.486985678979,-0.347348173281,0.33053680443,0.49291237715,1.92699347071,0.562267708488,-1.3350580481,-0.354268353123,1.76437214907,1.40307515618,1.22497941257,0.298492582431,-0.564875303487,-0.40137424707,0.456471635033,0.22961819295,-0.786153187713,0.980185326222,-0.19307122344,-0.775370072944,-0.587732255044
-1.22538928329,-1.01181739271,0.580816283589,0.531225453308,-0.154406582487,0.100277221149,-0.115153885309,-0.125876060677,0.592629710127,0.104406967544,0.779544836749,-0.842070149904,-0.139686258231,-0.583892618292,0.600543624523,1.08457852589,-0.143827915921,0.0246696191609,-0.601956847324,0.565184218236,-0.273203989981,-0.170063457117,0.577038415424,-0.859082989023,-0.158789558328,0.590500138291,-0.60846532324,-0.0499490279874,-0.154664493754,-0.744713092923,-0.54351240911,-1.21336115683
0.668246156363,0.783351469235,-0.284713488315,0.507292221442,-0.335865740202,-0.274595985381,-0.0393862386221,0.422553604571,0.702286096619,0.195814253124,1.04628446796,-0.787598301776,-0.725101429553,-1.17727274978,0.694505746805,-0.00844503901615,-0.0673374589443,-1.5437255127,-5.90998509445e-05,-0.298635465329,-0.219955589356,-0.349954842703,0.688269400376,-0.804253929355,-0.738940752872,0.685254288342,-1.19228801488,-1.23730996014,0.392114680093,-0.580488939883,-0.449306605831,-0.615920838005
-0.595105130484,-0.20833413522,0.934871961395,0.507292221442,-0.115469915046,0.322004446371,-0.412853042204,0.059743014593,0.904674829531,0.72167922497,0.880342092468,-0.586092395071,-1.14720577732,-0.414994513582,0.977056047395,0.324530703883,-0.437988716634,-1.62795959866,-0.617993763716,0.919594383466,-0.389819818698,-0.130607235075,0.891789926867,-0.605977519363,-1.15787190998,0.968336611717,-0.44053578513,-1.46459463674,0.0312538631273,-0.676575132324,-0.893672480574,-0.8632867232
-0.595105130484,0.582133488372,0.945893316014,-0.561783913754,1.44957375071,0.132933092436,-0.19345533855,-0.41335362966,0.281219041188,-0.0635796274032,0.254114590822,0.317382922526,-1.54710558511,-0.0292912321031,0.220427541747,-0.657817651191,-0.162535394763,0.769549034642,-1.4565914554,0.966010618265,1.77388505825,1.4666126548,0.306446047427,0.343953736292,-1.52299654586,0.235996618234,0.00380090643371,0.486391749061,-0.382505998356,-0.143650117231,-0.867401009884,-1.40855267045
0.648121795271,-0.213977802737,-0.987272304225,1.5446132981,-0.666998531794,-0.460281450624,0.652977695779,1.07270598025,0.251993274415,-0.155092620038,0.533369876274,-0.599509666234,0.859358898394,-0.416791891488,0.497293763282,1.56038102229,0.560323196825,-1.33178344803,1.16713027718,-1.02516053297,-0.521857732947,-0.707464765151,0.195630421672,-0.673396375459,0.791614051285,0.461632754482,-0.501927615285,-0.784243243052,0.977105027889,0.0254803199291,0.298295470952,-0.375425324588
-0.595105130484,0.582133488372,0.0643840387437,-0.601877987249,0.941888267118,-0.192028469865,-0.194220606692,-0.227968306606,0.358172840937,0.0200846738078,0.265348220547,0.398748301677,-1.15014693215,-0.158117171514,0.392928594791,-0.358693728791,-0.161123294858,0.105360391118,-1.4565914554,0.0822491446186,1.41644968761,0.960214805874,0.385799708417,0.426727474156,-1.12578111089,0.410688161054,-0.12149390228,0.000900226724967,-0.195019601031,-0.392216220454,-0.968747375547,-1.43885102238
-0.595105130484,-0.614856286175,-0.304322910926,1.55784601728,-0.8545171847,-0.842024603982,-1.04082857767,-0.59949407382,0.921615282435,-0.763575265134,1.08117299752,-1.20674892784,-0.147373858147,-1.16313037495,1.18674351425,0.177003593374,-1.11329342978,-1.61168080948,-0.135981074783,-0.346602053425,-0.478033895814,-0.893538792145,0.865216741074,-1.26868597749,-0.203224477206,1.14869088347,-1.23513755395,-1.74126397348,-0.678802766776,-0.888998249122,-0.801271476725,-0.156083277723
-1.84310809749,-0.213977802737,-0.114714090884,0.488675643518,0.235368921753,-1.3741072583,-1.18903546467,-0.876564250591,0.685613023722,-1.53332243706,0.557733868867,-0.282308762199,-0.947248004078,-0.116043949028,0.784840616575,-1.16930756297,-1.20740509104,-1.17475776798,-2.39707483909,-0.12830322675,1.61712486592,0.219144866812,0.672259150938,-0.306057744001,-0.958815253472,0.776253801201,-0.144612394012,-1.46278120344,-0.899077348886,-0.780658173624,-1.16274648888,0.356929610379
0.965251386244,0.783351469235,1.64298331701,-0.508336837847,0.568950063226,1.27461511527,0.966942550952,0.991599687532,-1.57628666914,1.31403203836,-1.54833859031,1.21838722473,0.65952825282,1.26330020559,-1.28538085176,0.20230234897,0.99168232864,-0.0875993216539,0.388246456813,1.66385262835,-0.237394700875,0.584026759955,-1.57240348141,1.23166542256,0.675849055465,-1.28110016021,1.28138184143,0.469104852409,1.01867755435,1.54846959952,1.22429951972,0.684652405115
1.58946828083,1.57962496716,-0.272012892192,0.464737673633,-1.20684868674,0.504283189983,0.730255234786,0.702222057291,-1.61401374049,0.534227055176,-1.86180781955,1.6530012483,1.45252396,1.92488811723,-1.31061246779,-0.357213787457,0.698969400584,0.0807660308727,0.310400882664,-0.28478720816,-1.88521610635,-1.21574923141,-1.63971301629,1.59990476463,1.42416218717,-1.32292450298,1.86995163342,0.448881442717,0.672749761461,1.786464406,1.24432911156,0.421907812535
2.2093810274,1.78070648301,-1.17481083358,-2.69992974061,1.63692612228,1.68663800772,1.34724969794,1.7254044533,-1.70836170654,0.798463430623,-1.92761961792,1.68341826956,1.65252141068,1.4775908192,-1.82282955574,-0.286974164926,1.50688000394,-1.14185879349,0.848734634876,-1.11253292945,0.693193465661,1.73633729608,-1.64010568662,1.83217038818,1.7651722678,-1.78990686193,1.64223802517,-0.187153707689,1.89228509834,1.71728537731,1.77804882017,1.09579641083
1.27735549108,1.38176179349,0.226760605783,-0.580493545472,0.555749338335,1.06145953547,1.50399322252,1.16823845271,-1.83346711762,1.74986174757,-1.83307054057,1.54084757107,1.25035432537,1.16986649776,-1.64945248148,0.46055917731,1.53169929573,1.04124186456,0.133619023803,0.244646661766,-0.102869516428,0.573211956022,-1.83014936266,1.55500471152,1.26811281655,-1.64647992987,1.19353956661,1.70141201386,1.19958610299,1.50650419575,1.26646883287,1.26888356628
0.965251386244,1.19558140802,1.47955291928,-0.508336837847,1.83192277616,2.41980074777,2.11761210466,2.18817934408,-1.61401374049,1.57274445052,-1.6442090546,1.19875607164,1.05031255391,1.5848162348,-1.69808768221,1.07802722411,2.13909804109,-0.211262354641,-0.0613090830017,1.49982895091,0.385895482603,1.84695941785,-1.61052161813,1.21225719974,1.06553670466,-1.6965468739,1.59996332518,0.967064391144,2.21447627506,1.85221843091,1.67967576482,2.11826311456
0.648121795271,1.18229074601,1.29873235052,-0.601877987249,3.62593659448,2.46274691725,1.88650279544,1.25813476225,-1.39911429486,1.5735710343,-1.34929926362,1.38541413976,0.259897805192,1.41528937953,-2.03848721876,-0.11021140172,1.91462379724,1.94323728728,-0.448097581866,1.32162017927,2.2635617701,3.64535193977,-1.39047947624,1.40261545872,0.280921648277,-2.03793991927,1.43823375218,2.67220157957,1.29076316766,1.48274523124,1.04485241249,1.34305974987
0.653156805866,1.77912326292,0.239341586922,-0.601877987249,0.744673803598,1.45409307169,2.04314325959,1.81573933266,-1.84130934178,1.32301735793,-1.72739014259,2.06430573549,0.65255476368,1.7936526125,-1.74971557199,0.19905428374,2.07088963584,0.670150729087,-1.02297452819,0.257918616555,-0.157510277006,0.762920342258,-1.83745358915,2.07409117102,0.672647962353,-1.74712402529,1.81330756634,1.70875063433,1.84824755687,1.93745259086,1.14035066892,1.75320463172
0.965251386244,0.987890792368,0.414809799305,-0.537731077651,-0.134849145043,0.683591231894,1.11728844609,1.07270598025,-1.69780879821,0.535420379859,-1.81427439366,1.46848052134,1.25904768724,1.32920506143,-1.32742201875,0.464095406071,1.1433767516,0.131276474843,0.161253338539,0.432125444356,-0.672105303075,-0.118873434153,-1.69431096704,1.48075823754,1.27494809792,-1.32292426371,1.34863684311,0.731623729916,1.10150376731,1.7554267001,1.33490826884,0.526974609587
0.335869948845,0.783351469235,-0.643727316868,0.475377099988,1.97775964538,0.708746546579,0.57593647732,0.608311237311,-1.07226808247,0.448908511363,-1.13485607505,1.4100857483,1.45252396,0.951935109837,-0.969933441474,-0.464710784506,0.545174247619,-0.116253272726,-0.434608782263,-0.656434107959,1.90164263268,1.95392184424,-1.09517464324,1.36017824228,1.42370009448,-0.98173209002,0.909562291694,0.209027719764,0.578712222768,1.3590057693,0.923408610126,-0.244755578817
1.89712918098,0.982820622003,2.17406683372,-0.604551192305,0.40651423235,1.51881863239,1.65473365175,1.81542341307,-0.850002787452,1.31403203836,-0.999896123307,1.09461548879,-0.747285567044,1.93863605262,-1.35761285444,0.337439663652,1.68357708478,-0.486209217382,1.36448082368,2.20062094235,-0.589053152083,0.424710147894,-0.83534310948,1.11515614654,-0.723784733678,-1.35220079139,1.95721572491,0.486216490049,1.84810233651,1.61755654409,1.91297440169,1.66566067195
1.58946828083,1.78070648301,1.65278802833,-0.593858570968,0.568950063226,1.65133710584,1.73177361952,1.25945216327,-1.6225331104,1.31290844736,-1.61957582179,1.63756317681,-0.147373858147,1.68754874201,-1.69808768221,0.0662674597465,1.75975745231,1.45834662614,0.102565370781,1.67682292647,-0.49020632692,0.586859561533,-1.6165544614,1.65150164623,-0.125676668741,-1.69525211907,1.70757998859,2.18106257217,1.29158926949,1.30256091194,0.332336749318,1.66639821127
0.960373641698,0.982820622003,1.64298331701,-0.473603397075,0.193809857265,0.863231061729,0.578089616434,-0.0330670885044,-2.26281883981,1.31290844736,-2.04231610369,0.940411120858,2.08247704717,0.97981890937,-1.95802685305,-0.101482454264,0.601921042575,2.09387437061,0.160515637416,1.66258373216,-0.39642395486,0.207809491978,-2.26699215648,0.954757687611,2.09318054922,-1.95869481337,0.998238644624,1.91943356005,-0.00723536739922,1.86316097715,1.98852515836,0.079454698282
1.27735549108,1.18062837565,0.0623137480188,-0.604551192305,-1.74833400012,-0.274595985381,0.884101351156,0.422553604571,-1.60739541888,0.794956657143,-1.56075855954,1.2782063466,1.07029455345,1.33759752746,-0.911778067865,0.575687034585,0.914778237679,1.52052370284,0.348959622945,0.0802483504513,-2.115974884,-1.73103916327,-1.60093090463,1.29674381737,1.08951016382,-0.903204278201,1.36139506597,1.69797289427,0.455515327617,1.4472013875,1.0681309822,0.221946322896
1.58946828083,1.18229074601,1.4659554781,0.475377099988,1.28519655072,2.08840103469,2.03993362975,2.00243297126,-0.949540034923,1.74659748158,-1.12985704369,1.50879773664,0.0600995416791,1.70897317744,-1.20655999108,0.844601383575,1.99835014968,0.103235448122,0.741609337464,1.45121663112,0.0187420053953,1.26455029022,-0.971741954026,1.45732261411,0.0415381005437,-1.21883939126,1.6562575695,1.17317653173,1.96554772996,1.81178056506,1.63434098556,2.06771969229
0.648121795271,1.97862155868,-0.820755155771,-2.74042871744,0.393313507458,-0.38010005384,0.268016955189,0.0521272027228,-1.5089308752,-0.24445433701,-1.59269339154,1.56360358628,0.259897805192,1.25879676552,-1.30666866098,-1.28869940519,0.421892424294,0.726636093008,-1.21110989794,-0.752481485235,0.853817220847,0.481229183382,-1.43525564639,1.71509596693,0.363667053551,-1.26423999251,1.42592885215,0.796143372008,0.205090402273,1.41635449878,0.93303095,-0.658186182459
0.0290001555229,0.78163178413,0.226760605783,-0.601877987249,1.30512670329,1.48351773051,1.50132171897,1.25945216327,-1.28929568255,1.22751922677,-1.32172647256,1.12967452431,0.850270782451,0.869519021469,-1.69808768221,-0.0475348630448,1.53036392924,0.742538027366,-0.834050734161,0.245286442373,0.465888966411,1.32360059464,-1.27947398945,1.14966941704,0.869895371826,-1.69513065626,0.897208217374,1.45548462213,1.29208028412,1.13764242531,0.84518415706,1.02312454617
2.21371702233,1.98485435911,-2.07460129995,-0.561783913754,0.41451614577,1.30991601715,2.27084328342,2.55847494749,-1.38814165966,1.91881822372,-1.61330630249,2.13922782456,1.26990286467,2.17786433567,-1.1093953231,0.946762544345,2.29540874013,-0.818607909162,0.637634298626,-2.0662063128,-0.441674357216,0.431329254936,-1.3806401381,2.14555993206,1.28680847166,-1.10298918211,2.19135776694,0.484164576366,2.58812512971,2.02447732757,1.76436943035,2.67244628921
0.653156805866,1.18229074601,-0.481350749829,-0.473603397075,0.916821128006,1.28934873044,1.57747231729,1.25846412495,-1.36989431588,1.66008421407,-1.38546518046,1.88696648918,0.650229010991,1.52871845984,-1.38201838612,0.0290284971164,1.59831595182,0.982211304071,-0.441734159862,-0.46911591931,0.158384690323,0.930680475844,-1.36495830865,1.89041213833,0.665183635892,-1.37895644739,1.54203999333,1.69313154728,1.28324344351,1.80511718917,1.51754911595,1.40070212344
0.965251386244,0.583883338796,-0.810244465322,-1.54223463967,-0.507235859035,0.481913592254,0.576893474168,0.620435033891,-1.47921844309,0.101935278349,-1.44479882571,0.839643832962,1.8586412122,0.565496719392,-1.67788676192,-0.682920229292,0.662800145398,-0.152581403685,0.617475216029,-0.772276133527,-0.996442131327,-0.46295142627,-1.4423593538,0.919213259733,1.91909970888,-1.66039069649,0.655243797109,0.242007296715,0.708212069211,1.20611051632,1.3929288465,-0.523393567194
2.2093810274,1.57962496716,0.934871961395,-0.537731077651,0.970906525445,1.70658922204,1.80946646709,1.62966052946,-1.05137299216,2.26463014892,-1.23016189172,1.1770718617,0.259897805192,1.99023052785,-1.62342348745,0.0832509019348,1.83369228335,0.535301665554,1.06870064382,0.954147228827,-0.0727054658656,0.986999097187,-1.04108467756,1.19261921258,0.27846521523,-1.62093177307,2.00371899077,1.45653384168,1.65817130381,1.27868940001,1.54453152636,2.59447540424
2.21371702233,2.37912941418,1.66663342967,0.531225453308,0.604043547192,2.10703337169,1.88585359736,1.62966052946,-0.921323621607,2.00747281647,-1.14001510175,1.6528672991,-1.14720577732,2.20882174302,-1.12062380124,0.307217295802,1.84187300558,0.766046298362,0.238837697563,1.64967371276,-0.737777794935,0.584695377037,-0.945211726928,1.59559528392,-1.15862367873,-1.13371615816,2.14537893204,1.65726392895,1.59124332676,2.01604878158,2.28534531054,2.51554713634
2.2093810274,2.17811985444,1.29994899382,0.488675643518,-0.120192332894,1.83157796107,1.42898762381,1.4490927944,-1.28929568255,1.66145302568,-1.31899678995,1.83463283294,-0.947248004078,1.82709846955,-1.50110727652,-0.662558541908,1.3911058995,-0.0698293746616,0.434063088607,1.28490981365,-1.37516524088,-0.134755947757,-1.31386558435,1.77713643392,-0.958815253472,-1.51419672134,1.77186389163,0.696442766787,1.41428176852,1.59143046818,0.793317362823,1.99361540733
1.27262548812,1.18229074601,0.593397264728,0.507292221442,0.216986830928,1.27461511527,0.730255234786,0.516479862283,-1.61401374049,0.880307673926,-1.8851857787,1.33964827002,1.25252843562,1.99434702279,-1.1630298945,0.156313969047,0.69650172932,0.693254329702,0.341172229922,0.578499245504,-0.648642149738,0.200268307478,-1.64098358427,1.28889966284,1.22382217491,-1.17577895699,1.93553608878,0.930327151284,0.485536170263,1.578247636,1.73810991618,0.863176003091
0.653156805866,1.18229074601,1.48068227489,0.467397579944,0.375011453724,1.43935945652,1.19226622499,0.886608995033,-1.40277589824,0.967116225916,-1.16304301906,0.877804717325,0.459707644181,1.22947214225,-1.65272070999,-0.185615865039,1.15742815425,0.967536635684,-0.441734159862,1.4662121321,-0.573410857743,0.358814251344,-1.42733390006,0.836823393666,0.438510993924,-1.66578522388,1.18382883127,1.41748804605,0.856025438649,0.935429395832,0.215646665558,0.701629357565
0.960373641698,1.98018004399,1.83263991392,-0.537731077651,2.33014416159,2.06226166833,1.65451353575,0.887964856215,-1.47921844309,1.31403203836,-1.92144738979,2.48119420771,-0.547318844075,2.14055054909,-1.58120433998,-0.023020814708,1.67915629377,2.44080405022,-0.842533424424,1.8552980251,1.18174899002,2.34638037322,-1.4734244299,2.48210918318,-0.526596756193,-1.57842650073,2.15268747374,2.90583926674,0.916857845128,2.14768144761,1.4400652,1.31071318046
0.341072701475,1.3801266714,0.768865477111,-0.604551192305,0.757874528489,1.4629504438,1.34634866191,0.979826959396,-0.962403099679,0.967116225916,-1.05365107247,1.21799532984,-0.347348173281,1.13184863363,-1.01860309094,0.353943739776,1.37592579055,1.15384861785,-1.02872945943,0.789684003062,-0.148419671271,0.776217367854,-0.948959620354,1.23718977196,-0.324790254625,-1.01078687299,1.15743236457,1.69801285779,1.01267553726,1.2519839301,0.871669333156,0.660944200208
-0.913137436862,1.18229074601,0.591837638208,-0.601877987249,1.65600049063,0.370687386107,0.807999624856,0.518225433375,-1.1821326259,0.361489260131,-1.18971750857,1.27746880715,0.259897805192,0.894777527109,-1.45763920261,-0.750425971043,0.838700002037,0.943380980488,-2.42127211607,0.611849019208,1.81350894421,1.67461672011,-1.171152758,1.29584926737,0.280921648277,-1.45298001525,0.922247129149,1.20820015003,0.55101331245,1.15521750802,0.519091246369,-0.226933472736
1.58487733455,2.17965436592,1.4659554781,0.507292221442,1.4610613365,1.70658922204,1.12095597127,1.07270598025,-1.13973640883,1.05592614411,-1.40793130041,1.3185454847,0.0600995416791,1.86319377338,-1.35261872928,-0.332766537717,1.08425699432,0.142832979129,-0.296060520665,1.45008758896,0.480042799535,1.43842588839,-1.16405401086,1.26813508817,0.040357427615,-1.3657247727,1.80619388399,0.708888423223,1.03877308433,1.52533725555,1.70338684301,1.39802658199
1.90158901165,1.58123371976,0.934871961395,-0.580493545472,2.59922047107,2.31970693174,1.1924941556,0.795093382912,-0.845779934138,1.74578129407,-0.973578540365,1.20831873735,-0.547318844075,1.68959587223,-1.40389212661,-0.527589741579,1.22097628688,1.26981351238,0.690459030707,0.955568329136,1.27889521662,2.6173076548,-0.831887472456,1.22614114234,-0.52512034027,-1.39920594991,1.70869899979,1.69514107071,0.826558757186,1.33031387755,1.85506740182,1.22922853017
1.27735549108,0.783351469235,1.85224268181,-0.601877987249,0.555749338335,1.1070300149,1.2729324109,0.980836474041,-0.632805711711,1.58238480037,-0.490167335034,0.634636350986,-0.747285567044,1.13579061566,-1.21327773838,-0.0212424445669,1.30252084265,0.917560629812,0.796292328709,1.87738281679,-0.135382821692,0.573919234396,-0.615888939038,0.660038800055,-0.723874576164,-1.2068886881,1.16116489619,1.46402267723,1.01352464487,1.03475449943,1.02513749399,0.749323933706
0.960373641698,0.382635192614,0.421447191521,-0.593858570968,-0.507235859035,0.481804957361,0.732145638923,0.332510509843,-2.06103022745,0.707561647387,-1.88799006014,1.11530220708,2.05252162893,0.675551422643,-1.55499860376,0.160116688996,0.762557600787,1.32464380474,0.850439050303,0.440517965524,-0.99636897962,-0.489722547874,-2.05977405903,1.13496496704,2.06892249905,-1.55115550098,0.704418399136,1.45419412659,0.364882151672,1.62980343111,1.84714273233,-0.0990278700375
1.27735549108,1.3801266714,-0.116273717404,-0.604551192305,1.09682166315,0.897025456708,0.807999624856,0.703941777342,-1.73241171649,0.623413645544,-1.72739014259,0.600696770016,2.45060495413,0.668362769696,-1.65272070999,0.0984893098473,0.83885756847,0.327358158093,0.135340946877,-0.0990680479814,0.66940079322,1.11530624464,-1.72729990803,0.626626651016,2.46656627141,-1.64940146429,0.697970214793,0.723068129503,0.736846369476,1.05833260995,1.73552919974,0.302301775396
0.0290001555229,2.18425681135,-0.127295072023,-0.601877987249,0.392623386696,0.536238867413,0.80917389173,0.236796133445,-1.61401374049,0.361489260131,-1.56275683624,1.96593794957,0.0526038281715,1.52730971158,-1.93486905617,-1.51046278652,0.839871459777,1.91695549454,-2.11496086554,-0.110209934284,0.0877789594408,0.41072711046,-1.60770146946,1.97679790684,0.0741189840285,-1.93358823185,1.54928020006,1.9471875112,0.269644668674,1.65339240471,0.575570491641,0.0371682916307
0.648121795271,2.17965436592,-1.36648994434,-1.67115341971,0.954464013717,1.12223576598,0.652977695779,0.425367790026,-1.28929568255,0.793787519238,-1.45434812688,2.39831555541,0.0501036966098,1.12490525838,-1.54654323407,-1.78904856537,0.746614226543,0.744122856444,-1.38891809609,-1.33033126785,0.325710954419,1.01034701294,-1.24541115661,2.47637750789,0.111737868079,-1.52546914844,1.22076196819,0.999048966723,0.519786558149,1.29989994445,0.0335456079099,-0.181244346817
1.27262548812,0.582133488372,1.64298331701,-0.537731077651,-0.666998531794,0.693065384153,1.19317792345,0.979490436837,-1.03054058754,1.48594875674,-0.929678409288,0.461280103404,0.252584639163,1.49676723736,-1.07961343835,0.632123643339,1.21906202804,0.668789855279,1.02849456024,1.6649267883,-1.33220538149,-0.65107905177,-1.02003343778,0.48485870233,0.271171569137,-1.07343625117,1.51469245866,1.21406559498,1.00833626002,1.04772201448,1.6460304564,1.18920360827
1.58946828083,1.77912326292,-0.992824843927,-0.601877987249,0.564538855216,0.683591231894,0.269979589783,0.330738298868,-1.39911429486,0.62193236187,-1.56492232847,1.17959080671,1.25035432537,1.24895873656,-1.26032344817,-0.955512195624,0.301966708348,-0.214338233553,0.104175792433,-0.979261658514,0.187576279557,0.582712318432,-1.39047947624,1.19904043786,1.26903066757,-1.25426743897,1.27334915404,0.00334690757116,0.363566586021,0.930350848969,0.645064041187,0.14175610802
0.960373641698,0.981130079888,-0.481350749829,-0.601877987249,1.27318942485,1.43935945652,1.26953403331,1.72286005463,-1.62158595142,1.23091144958,-1.42992932844,1.01417619274,1.65043786829,1.25069968174,-1.40389212661,0.414153941847,1.29913059344,-1.36758874899,0.162360132959,-0.465706310941,0.461793138409,1.2916503578,-1.61535551642,1.03543273348,1.66816596332,-1.39885245788,1.27507496385,-0.485362148909,1.75538829579,1.21945126289,1.05930589032,0.982768290563
0.335869948845,0.78163178413,-0.835406427634,-0.604551192305,0.0267950139708,0.11703432714,0.807060132697,0.701190112057,-1.73241171649,0.709915665001,-1.75358734358,1.13989411248,1.65252141068,1.33023060615,-1.50631897414,-0.125313185778,0.837920312201,0.333304192781,-0.432788588555,-0.821136031195,-0.0515761727739,0.0448321529965,-1.72729990803,1.15994072941,1.67036433221,-1.50196149164,1.3540920988,0.727298152093,0.734095263431,0.966709018052,0.772400255729,0.339309004169
1.58487733455,0.382635192614,-0.127295072023,-0.601877987249,1.26917880146,1.62845768385,2.27084328342,1.90861863996,-0.852537697773,2.00506968486,-0.704779769667,0.565904383443,1.45890466262,1.04810371537,-1.06357774893,1.82769684191,2.29804508687,1.06477536292,1.69620272132,-0.110209934284,0.319366445532,1.28763810422,-0.837995699471,0.59205762536,1.47708671214,-1.05612895605,1.07424032915,2.18331369192,1.94110684582,1.07269154041,1.58335362504,1.86619191355
2.83388472026,1.18229074601,-0.114714090884,0.467397579944,1.44905421063,2.19524302694,2.42513393833,2.65254712808,-1.40277589824,2.52831003662,-1.18803748229,0.864345736282,1.65043786829,1.34032331295,-1.40895929507,1.76049754871,2.38122846112,-0.644076481036,2.31434676413,-0.127706717703,0.125716702447,1.42794718052,-1.42733390006,0.823577660452,1.62050920002,-1.42151949268,1.29316959358,0.690654676533,2.61279930695,1.65332719473,2.04158818172,2.79035541644
0.653156805866,0.382635192614,-0.481350749829,-0.580493545472,0.904455195233,0.485065845929,1.42338988037,1.6299808065,-1.80707298096,0.881468965975,-1.74627089775,1.19660684924,2.05252162893,1.16424923129,-1.58654146647,0.748206360612,1.45129676573,-0.631882003882,0.434376116229,-0.466275005604,0.767518724859,0.922024387868,-1.80347263529,1.21455834843,2.06829887029,-1.58312989444,1.1879716923,0.241275649795,1.66118277982,1.56544911476,1.56889115072,0.791085955743
2.2093810274,1.38176179349,0.414809799305,0.507292221442,-0.678282315004,1.2594093642,1.65451353575,1.81826642651,-1.68535993256,1.05449389535,-1.76480709838,1.59708895661,1.45890466262,1.33231204814,-1.66473233393,0.407505287592,1.61379209751,-0.495228147971,1.29224075598,0.400110284722,-1.68602550869,-0.690742852165,-1.71272875598,1.54221439882,1.42864695535,-1.67842606444,1.28264289733,0.442989847238,1.78032682866,1.88880827192,1.99961230205,1.59046371912
0.960373641698,1.18062837565,0.580816283589,-0.537731077651,1.83113706223,1.14941026179,1.1924941556,0.979490436837,-1.16090164335,1.40389341518,-1.36900193862,1.81569852119,0.0526038281715,1.81174194883,-1.7801930237,-1.04213019721,1.21838009994,0.666619610338,-0.0517088659161,0.598757452646,1.34058522781,1.84732053919,-1.15176387242,1.82408041879,0.0717245614158,-1.77876375813,1.82683521267,1.21191245235,1.00833626002,1.86468548645,2.02673147948,1.07090341445
1.58946828083,0.783351469235,0.414809799305,-0.473603397075,0.375011453724,1.46252964141,2.11697366593,2.09685390318,-1.24891005874,1.66145302568,-1.27616219924,1.20429322501,1.05253496592,1.71529874063,-1.07961343835,1.72461783431,2.13620438785,0.0519539802296,1.20434955583,0.430151838891,-0.588560678097,0.388975923006,-1.24273981176,1.21560081893,1.0662954863,-1.07459329858,1.72688730837,1.20233589903,2.1209500619,1.64317291917,1.67801593294,1.87610701189
1.58487733455,1.98018004399,0.580816283589,-0.593858570968,1.44573733395,1.70658922204,1.34724969794,0.982518821757,-1.73241171649,1.65926286132,-1.96809842247,2.16002734358,0.252584639163,1.94721962922,-1.99189101878,-0.752289326029,1.37616755177,1.14792868113,-0.102580532787,0.600529553135,0.462761899121,1.46396962703,-1.72761642602,2.16823928974,0.273318915931,-1.99112422807,1.96498369511,1.6934178247,1.01472599883,1.74647323597,1.33071696939,1.74726723221
0.960373641698,1.18229074601,1.29873235052,0.531225453308,0.93359826886,0.746375826376,0.961142569615,0.795093382912,-0.832283532646,0.707561647387,-1.07613642965,1.25160188395,0.25014546807,1.20224407656,-0.963629426084,-0.0221096120355,0.924235487048,0.524796773797,-0.0534626759722,1.2822224763,0.590924960898,0.912646198531,-0.855683679302,1.20080482624,0.228068517528,-0.976443684961,1.15281121284,0.928860828874,0.761253615077,1.31243166684,1.16934782695,0.463913563602
2.2093810274,1.57962496716,-0.291741929787,-1.67384005824,-0.115469915046,2.21745246234,2.11697366593,2.2810526934,-1.62158595142,1.57246891142,-1.56608866127,1.07770419628,1.45252396,1.53845038904,-1.6523574118,1.00936966011,2.21462437842,-0.479158253909,1.06870064382,-0.245712790525,-1.58360944089,-0.0653183038473,-1.58289873322,1.16379333346,1.51798373136,-1.63252618753,1.63295476114,0.761026207819,2.38457343297,1.53567977881,1.60176699796,2.30754967073
1.58946828083,0.981130079888,1.2889276392,0.560473563026,1.0808039139,2.20978975114,1.34995243655,1.18149742658,-1.26055214196,2.09397823053,-1.12735887739,1.63294902567,0.0501036966098,1.45685673888,-1.48966945743,-0.489971739457,1.30829242554,0.517443044855,0.971020232564,1.27141963113,-0.283101035266,1.05810717455,-1.28722042681,1.57416414459,0.0284725586351,-1.50388223506,1.40194024294,1.14186307053,1.14377704783,1.2426057112,0.585464174023,1.60128569966
0.335869948845,1.3801266714,1.2889276392,0.507292221442,0.920472944491,1.45409307169,0.886202301701,0.515432401204,-1.49777279117,1.23091144958,-1.3703498631,1.39944879582,0.25014546807,0.947393356334,-1.58120433998,-0.595578803085,0.851273119357,1.21032237368,-1.03519798651,1.2732565252,0.044862821555,0.900408585587,-1.52409259638,1.34774177911,0.228974673743,-1.59474079472,0.903039398812,1.42173010526,0.484494337508,1.51138173923,0.761637539464,0.546330116987
0.648121795271,2.77808156165,0.239341586922,-0.537731077651,0.954464013717,0.608884812862,0.422823074016,0.237867763111,-1.27041887715,0.623413645544,-1.51948697224,2.34767502732,-0.947248004078,1.34662172465,-1.52689610749,-1.91481214227,0.450780021276,0.611610371073,-1.88702236988,0.255996061008,0.72761352169,0.970554850277,-1.26243152959,2.35008809789,-0.925458397367,-1.52375021415,1.36589691295,0.725318103827,0.267095763475,1.79932317437,0.813017718615,-0.133859489874
